ID	title	author	date	folio	notes	work_code	work_title	osa
2	Abrégé chronologique de l'histoire universelle	"Coffin, abbé"	1700-00-00	1r	Source data entitled: 'Abrégé chronologique de l'histoire universelle par M. l'abbé Coffin'. Work and author not identified. Author's name may be pseudonym.	zspbk0011913	Analyse chronologique de l'histoire universelle depuis le commencement du monde	0.82
14	"Abrege de la Sainte Bible, en forme de questions, et de reponses familieres"	"Guerard, Robert"	1707-00-00	1V	"Source data entitled: 'Abrege de la Ste Bible'. First edition in Paris, edited by M. David l'aine?, 1706. Following editions entitled: 'Abre?ge? de la Sainte Bible en forme de questions'."	zspbk0012097	"Abrégé de la Sainte Bible, en forme de questions et de réponses familières"	0.92
43	Argumens et réflexions sur les livres et sur les chapitres de la Sainte Bible	"Ostervald, Jean-Frédéric;"		2v	Date in source data ambiguous (between 1719 and 1729). Source data entitled:  'Arguments et Reflexions sur les chapitres de la Ste Bible'.	spbk0003371	Argumens et réflexions sur les livres et sur les chapitres de la Sainte Bible	1
83	"Traite? de la Paresse, ou l'Art de bien employer le temps"		1737-00-00	3v	"Source data entitled: 'Art (l') de bien employer le temps'. First edition 1674, published in Amsterdam by A. Wolfgang. Subsequent edition published in Paris: Josse Et Delespine, 1743."	zspbk0013895	"Traité de la paresse, ou, l'art de bien employer le temps"	0.9
88	Airs serieux et a boire		1739-00-00	3v	"Several works entitled 'Airs serieux et a boire', by various authors, throughout the 18th century. Work and author cannot be identified."	zspbk0013380	Airs se?rieux et a? boire	0.92
90	Amitie (l') apres la Mort	"Singer Rowe, Elizabeth"	1740-00-00	3v	Published in Amsterdam: Aux Depens de la Compagnie in 1740. Subsequent editions in 1750 and 1753.	spbk0000073	Amitié (l') après la mort	0.88
113	"Aventures de Don Antonio de Riga, comte de St Vincent"			4r	"Date ambiguous (1750-). Author not identified. Source data entitled: 'Aventures de Dom Antonio de Riga', published in Amsterdam: Chez Maynard Uytwerf, in 1744."	zspbk0011978	"Avantures de Don Antonio de Riga, comte de Saint Vincent"	0.86
123	Antiquite (l') devoilee		1750-00-00	4r	"Date ambiguous. Source data entitled: 'Antiquite devoilee (l')'. Work possibly identified as: 'Antiquite (l') devoilee par ses usages, ou examen critique des principales opinions, ceremonies et institutions religieuses et politiques des differents peuples de la terre', first edition published in Amsterdam: M. M. Rey, 1766. Other contributor: Holbach, Paul Henri Dietrich, baron d'."	spbk0002617	Antiquité (l') dévoilée	0.869565217
131	Alcoran des Cordeliers	"Alberus, Erasmus"		4v	"Date ambiguous (1750-). First edition identified was published in Gene?ve: Conrad Badius, 1556. Latest edition found is 1734 and entitled: 'L'Alcoran des Cordeliers, tant en Latin qu'en Franc?ois, c'est a? dire, Receuil des plus notables bourdes et blasphemes de ceux qui ont ose? comparer S. Franc?ois a? Jesus Christ. Tire? du Livre des Conformites jadis compose? par Barthelemi de Pise', published in Amsterdam : Aux de?pens de la Compagnie."	spbk0000043	Alcoran (l') des Cordeliers	0.814814815
149	anarchie (l') médicinale	"Gilibert, Jean-Emmanuel;"		5r	"Date ambiguous (1750-). Source data entitled: 'Anarchie (l') medicale'. First published in Neuchatel, (1772)."	spbk0000094	Anarchie (l') médicinale	0.958333333
150	"Angola, histoire Indienne"	"Rochette La Morlie?re, Jacques, chevalier de"		5r	"Date ambiguous (1750-). Source data entitled: 'Angola par le Chevalier de la Morliere'. First edition published in 1746, unknown publication place."	spbk0000105	"Angola, histoire indienne"	0.96
158	Babillard (le)		1708-00-00	7r	"Date ambiguous. Work and author not identified: but potential translation of Tatler. Not to be confounded with  'Le Babillard, comédie en un acte ' by Louis de Boissy, published in 1725."	spbk0000183	Babillard (le)	1
158	Babillard (le)		1708-00-00	7r	"Date ambiguous. Work and author not identified: but potential translation of Tatler. Not to be confounded with  'Le Babillard, comédie en un acte ' by Louis de Boissy, published in 1725."	zspbk0013023	Babillard (le)	1
166	Belisaire	"Marmontel, Jean-François;"		7r	Date ambiguous (1745-). Source data entitled: 'Belisaire par Marmontel'.	spbk0000198	Belisaire	1
167	Bijoux (les) indiscrets	"Diderot, Denis;"		7r	Date ambiguous (1745-). Source data entitled: 'Les bijoux indiscrets par M. Diderot'.	spbk0000220	Bijoux (les) indiscrets	1
168	Balai (le)			7r	"Source data entitled: 'Balay (le) par l'abbe laurence'. Date ambiguous (1745-). Potential match: 'Le balai, ou, La bataille des nonnes : poe?me he?roi?-comique en XVIII chants' written by Henri-Joseph du Laurens, abbe, published in Constantinople: 'de l'imprimerie du mouphti', 1761."	spbk0000190	Balai (le)	1
195	Consolations (les) de l'Ame fidele contre les frayeurs de la mort	"Drelincourt, Charles"	1711-00-00	8v	Multiple editions of 'Les consolations de l'a?me fide?le contre les frayeurs de la mort. Avec les dispositions	spbk0002943	Consolations (les) de l'âme fidèle contre les frayeurs de la mort	0.96
251	Contemplation de la nature	"Bonnet, Charles;"		9v	"Date ambiguous (1750-). Lausanne: J. P. Heubach, 1770."	spbk0000402	Contemplation de la nature	1
253	Christianisme (le) dévoilé	"Holbach, Paul Henri Dietrich [d'];"		10r	Date ambiguous (1750-). Source data entitled: 'Christianisme (le) dévoilé par M. Boulanger'. Probable pseudonym. First publication in 1766.	spbk0000324	Christianisme (le) dévoilé	1
254	Contes de Guillaume Vadé	Voltaire		10r	"Date ambiguous (1750). Source data entitled: 'Contes de Vade'. Author pseudonym is probably for Voltaire. First publication in Geneva: Cramer (?), in 1764."	zspbk0010894	Contes de Guillaume Vadé	1
255	Candide	"Voltaire, François Marie Arouet;"		10r	Date ambiguous (1750-). Source data entitled: 'Candide ou l'Optimisme'.	spbk0000262	Candide	1
257	Colporteur (le)	"Chevrier, François-Antoine;"		10r	"Date ambiguous (1750-). Published in London: Jean Nourse, [1762?]."	spbk0000354	Colporteur (le)	1
258	Choses (les) utiles et agreables	"Voltaire, François Marie Arouet;"		10r	"Date ambiguous (1750-). Published in Berlin (Geneve?): Cramer, 1769-1770."	spbk0000323	Choses (les) utiles et agreable	0.96875
267	Catéchisme de morale			10r	"Date ambiguous (1750-). Two possible title matches: by Stephanie Felicite comtesse de Genlis, published in  Bruxelles and Paris: Chez Lambert and Baudouin, 1783-1785; or by Constant de Rebecque, published in Bruxelles ; Paris, 1783."	spbk0000282	Catéchisme de morale	1
268	Consolations raisonnables et religieuses	"Formey, Jean Henri Samuel;"		10r	"Date ambiguous (1750-). Published in A Yverdon: publisher not identified, in 1768."	spbk0002735	Consolations raisonnables et religieuses	1
269	Etrennes aux gens d'église ou la Chandelle d'Arras	"Du Laurens, Henri-Joseph;"		10r	Date ambiguous (1750-). Source data entitled: 'Chandelle (la) d'Arras par L'abbe Laurence'. First edition 1765.	spbk0002941	Etrennes aux gens d'église ou la chandelle d'Arras	0.98
279	Constitution de l'Angleterre	"Lolme, Jean Louis de;"		10v	"Date ambiguous (1750-). Source data entitled: 'Constitutions de l'Angleterre'. Published in Amsterdam: Chez E. Van Harrevelt, 1778."	spbk0000398	Constitution de l'Angleterre	1
281	Correspondance secrete et familiere de M. de Maupeou avec M. de Sor***	"Pidansat de Mairobert, Mathieu-Francois"		10v	"Date ambiguous (1750-). Source data entitled: 'Correspondance secrete et familiere entre M. de M*** et M. de S***'. First published in 1771, Place of publication and publisher not identified."	spbk0004593	Correspondance secrete et familiere de M. de Maupeou avec M. de Sor***	1
282	Confessions (les) du Comte de ***	"Pinot Duclos, Charles"		10v	"Date ambiguous (1750-). Source data entitled: 'Confessions de M. D** par M. Duclos'. First edition published in 1742, Amsterdam : Chareau et Du Villard."	zspbk0013335	Confessions du Comte de ***	0.818181818
285	Dissertation historique et critique sur le martyre de la religion chretienne			12r	Source data entitled: 'Dissertation historique et critique sur le martire de la religion chretienne'. Date ambiguous (between 1696 and 1700). Work and author not identified.	spbk0002885	"Dissertation historique et critique sur le gouvernement de Geneve, et ses revolutions"	0.88
328	Amours (les) de Daphnis et Chloé	"Longus; Mulot, François-Valentin;"		13r	"Date ambiguous (1729-1733). Source data entitled: 'Daphnis et Cloe'. Several editions, closest edition match: published in Amsterdam, 1734."	spbk0000079	Amours (les) de Daphnis et Chloé	1
333	Dissertation sur la taille			13r	Date ambiguous (1729-1733). Work and author not identified.	spbk0004339	Dissertation sur le tabac	0.807692308
333	Dissertation sur la taille			13r	Date ambiguous (1729-1733). Work and author not identified.	zspbk0013403	Dissertation sur la goutte	0.807692308
334	Dictionnaire neologique a l'usage des beaux-esprits du siécle	"Guyot Desfontaines, Pierre-Francois"		13r	"Date ambiguous (1729-1733). Source data entitled: 'Dictionnaire neologique avec l'avis de l'incomparable Pantalon Phoebus'. Published in Amsterdam : Chez Michel-Charles Le Cene, 1731. First edition 1726."	zspbk0012847	Dictionnaire neologique a l'usage des beaux-esprits du siécle	1
371	Sur la Destruction des jesuites en France: par un auteur desinteressé	No Author Identifable		14r	Date ambiguous (1747-). Work and author not identified.	zspbk0010644	"Sur la destruction des Jesuites en France: par un auteur desinteressé: Incorruptam fidem professis, nec amore quisquam,"	0.96
377	Discours de l'empereur Julien	"Argens, Jean-Baptiste de Boyer [marquis d']; Voltaire, François Marie Arouet; Julian"		14v	"Source data entitled: 'Discours de l'empereur Julien contre les chretiens'. Source date ambiguous (1749-). First published in Berlin : Chre?tien Fre?de?ric Voss, 1768."	spbk0000575	Discours de l'empereur Julien	1
378	Dieu et les hommes	"Voltaire, François Marie Arouet;"		14v	"Source data entitled: 'Dieu et les hommes du docteur Oberu'. Source date ambiguous (1749-). Published in Berlin, [i.e. Geneva] : Chez Christian de Vos., 1769."	spbk0000569	Dieu et les hommes	1
379	Recherches philosophiques sur les Américains	"Pauw, Cornelius [de]"		14v	"Source date ambiguous (1749-). Source data entitled: 'Dissertation philosophique sur les americains'. Published in Berlin, 1770. Other contributor: Antoine Joseph Pernety. https://books.google.com.au/books?id=hKtbAAAAQAAJ"	spbk0002803	Recherches philosophiques sur les Américains	1
380	Histoire de Dom B… portier des Chartreux	"Latouche, Jean-Charles Gervaise [de];"		14v	"Source date ambiguous (1749-). First published in Rome [i.e. London] : Chez Philotanus, [1740?]. OCLC: 931404253."	spbk0004439	Histoire de Dom B… portier des Chartreux	1
381	Dictionnaire philosophique	"Voltaire, François Marie Arouet;"		14v	"Source date ambiguous (1749-). Source data entitled: 'Dictionnaire philosophique de Voltaire'. First published in Lyon, 1756."	spbk0003312	Dictionnaire philosophique	1
382	Discours sur la liberté de penser	"Collins, Anthony; Scheurléer, Henri; Rousset de Missy, Jean;"		14v	"Source data entitled: 'Discours sur la liberté de penser par Mr Collins'. Source date ambiguous (1749-). First published in  London, 1714."	spbk0000592	Discours sur la liberté de penser	1
385	Dialogue des Animaux ou le Bonheur	No Author Identifable		14v	"Date ambiguous (1749-). No author identified, possible original author: Giambattista Gelli. Published in 1762-3, unknown publication place."	zspbk0011068	Dialogue des Animaux ou le Bonheur	1
386	Recherches sur l'origine du Despotisme oriental	"Boulanger, Nicolas-Antoine; Holbach, Paul Henri Dietrich [d'];"		14v	Date ambiguous (1749-). Source data entitled: 'Despotisme (le) oriental'. Edition not identified: several editions between 1762 and 1778.	spbk0002037	Recherches sur l'origine du despotisme oriental	0.978723404
387	dictionnaire philosophique	"Voltaire, François Marie Arouet;"		14v	Source date ambiguous (1749-). Source data entitled: 'Dictionnaire philosophique portatif'. Probable edition dates for source data: 1756; 1765.	spbk0003312	Dictionnaire philosophique	0.961538462
402	Dieu. Reponse de M. Voltaire au systeme de la nature	"Voltaire, Francois Marie Arouet"		15r	"Source date ambiguous (1749-). Source data entitled: 'Dieu Reponse de M. De Voltaire au sisteme de la nature'. Published in Gene?ve: Cramer, 1770."	spbk0002623	Dieu. Réponse de M. de Voltaire au systême de la nature	0.84
414	"Droit (le) naturel, d'un père à son fils"	"Pillichody, Jean Georges;"		15r	"Source date ambiguous (1749-). Published in Yverdon: F.-B. de Felice, 1769."	spbk0000625	"Droit (le) naturel, d'un père à son fils"	1
420	Entretiens des voyageurs sur la Mer	"Flournois, Gedeon"		16r	"Date ambiguous (1700-1701). First published in Cologne, P. Marteau, 1683. At least two subsequent editions in 1704 and 1715."	zspbk0011211	Entretiens des voyageurs sur la Mer	1
422	Elements (les) ou premieres instructions de la jeunesse	"Blégny, Etienne de"		16r	"Date ambiguous (1700-1701). Source data entitled: 'Elements (les) ou premieres instructions de la jeunesse par M. de Blegny'. First published in 1602. Several publications thereafter: notably in Paris: chez Guillaume Cavelier, 1702. https://books.google.com.au/books?id=JEKWngEACAAJ"	zspbk0014278	Elemens (les) ou premieres instructions de la jeunesse	0.96
433	Esprit (l') de la procedure			16v	Date ambiguous (1703-1707). Source data entitled: 'Esprit (l') de la procedure par M. Moroy'. Work and author not identified.	spbk0000766	Esprit (l') de la fronde	0.814814815
439	"Entretiens sur la pluralité des mondes, par M. de Fontenelle"	"Fontenelle, Bernard Le Bovier de;"	1710-00-00	16v	"Published in London, Paul"	spbk0004287	"Entretiens sur la pluralité des mondes, par M. de Fontenelle"	1
455	"Essais sur le genie et le caractere des nations, divises en six livres"			17r	"Date ambiguous (1722-1728). Source data entitled: 'Essais sur le genie et le caractere des nations '. Published in Bruxelles, publisher unknown, 1743."	zspbk0013448	Essais sur le genie et le caractère des nations	0.92
457	Essai sur les philosophes			17r	Date ambiguous (1722-1728). Source data entitled: 'essay sur les philosophes'. Work and author not identified.	zspbk0011063	Essais sur les philosophes	0.961538462
511	Trois (les) épîtres	"Voltaire, François Marie Arouet;"		18r	"Date ambiguous (1750-). Published in Geneva: Cramer, 1769."	spbk0002397	Trois (les) épîtres	1
511	Trois (les) épîtres	"Voltaire, François Marie Arouet;"		18r	"Date ambiguous (1750-). Published in Geneva: Cramer, 1769."	spbk0004204	Trois (les) chapitres	0.80952381
513	Esprit (l') de Voltaire dans ses écrits	"Nonnotte, Claude-François;"		18r	"Date ambiguous (1750-). Source data entitled: 'Esprit de Voltaire repandu dans ses ecrits'. Published in Lyon: V. Reguilliat, 1779."	spbk0000765	Esprit (l') de Voltaire dans ses écrits	1
517	"Epitres, satires, contes, odes, et pieces fugitives"	"Voltaire, François Marie Arouet;"		18r	"Date ambiguous (1750-). Source data entitled: 'Epitres, satires, contes du poete philosophe'. Published in Geneva, 1771."	spbk0000735	"Epitres, satires, contes, odes, et pieces fugitives"	1
520	Essai sur les opérations de l'entendement humain et sur les maladies qui les dérangent	"Dufour, Jean-Francois"		18r	"Date ambiguous (1750-). Source data entitled: 'Essay sur les operations de l'entendement humain par M. Dufour'. Published in  Paris : Chez Merlin, 1770."	zspbk0013067	Essai sur les opérations de l'entendement humain et sur les maladies qui les dérangent	1
523	"Essai critique sur l'histoire des ordres Royaux, hospitaliers et militaires de Saint Lazare de Jerusalem et de Notre Dame du Mont-Carmel"	"Desplaces, Laurent-Benoit"		18v	"Date ambiguous (1750-). Source data entitled: 'Essay critique sur l'histoire des ordres de Saint Lazare et de Notre Dame du mont Carmel par M. Desplaces'. Published in Bruxelles and Liege: Tutot, 1775. OCLC Number: 252644884."	zspbk0010652	"Essai critique sur l'histoire des Ordres roiaux, hospitaliers et militaires de St. Lazare, de Jerusalem et du Mont Carmel"	0.94
528	Examen critique des apologistes de la religion chrétienne	"Burigny, Jean Lévesque [de];"		18v	"Date ambiguous (1750-). Source data entitled: 'Examen critique des apologistes de la religion chrétienne par Frenet'. At least three editions, place of publication unknown, 1766, 1767 and 1775. Frenet stands for Leveque de Burigny.  Source mentioned in 'Dictionnaire des ouvrages anonymes et pseudonymes composés, traduits ou publiés en français et en latin, avec les noms des auteurs, traducteurs et éditeurs; accompagné de notes historiques et critiques par M. Barbier', tome 1, Paris: Barrois l'aine, 1822, p. 463."	spbk0000871	Examen critique des apologistes de la religion chrétienne	1
530	"Emile, ou de l'éducation"	"Rousseau, Jean Jacques;"		18v	"First publication in La Haye: chez Jean Néaulme, 1762."	spbk0002747	"Emile, ou de l'éducation"	1
533	Epître (l') aux Romains	"Voltaire, François Marie Arouet;"		18v	"Date ambiguous (1750-). Source data entitled: 'Epitre aux romains par le comte de Passeran'. Author's pseudonym for Voltaire. Published in Geneva, 1768."	spbk0000738	Epître (l') aux Romains	1
534	Esprit (de l')	"Helvétius, Claude-Adrien;"		18v	"Date ambiguous (1750-). Source data entitled: 'Esprit (de l') par M. Helvetius. First published in Paris: Durand, 1758."	spbk0000753	Esprit (de l')	1
535	Evangile (l') de la raison	"Voltaire, François Marie Arouet;"		18v	"Date ambiguous (1750-). Published in London: aux depens de la compagnie de Jesus, 1764."	spbk0000867	Evangile (l') de la raison	1
535	Evangile (l') de la raison	"Voltaire, François Marie Arouet;"		18v	"Date ambiguous (1750-). Published in London: aux depens de la compagnie de Jesus, 1764."	spbk0001333	Langage (le) de la raison	0.807692308
537	Epitres de saint Paul			18v	"Date ambiguous (1750-). Source data entitled: 'Epitres de saint Paul par le pere Berruyer'. No date of publication found. Work and author mentioned in 'Catalogue des manuscrits de la bibliotheque royale des ducs de Bourgogne', by Francois-Joseph-Ferdinand Marchal, published in Bruxelles and Leipzig, 1842, p. 144."	zspbk0013475	Epitre de Saint Paul	0.904761905
540	"L'e?cole de l'homme: ou parallele des portraits du sie?cle,"	"Genard, Francois"		18v	"Date ambiguous (1750-). Source data entitled: 'Ecole (l') de l'homme'. Published in Londres [i.e. Amsterdam?], 1752. OCLC Number:642279517."	spbk00014949	"Ecole de l'homme, ou parallèle des portraits du siècle et des tableaux de l'Ecriture Sainte"	0.82
546	Essai politique sur la ve?ritable liberte? civile: discours adresse? au peuple d'Angleterre			19r	"Date ambiguous (1750-). Source data entitled: 'Essay politique sur la liberte civile'. Published in London, 1771. Author not identified."	spbk00014953	Essai politique sur la véritable liberté civile	0.9
547	Egoïsme (l')			19r	"Date ambiguous (1750-). Source data entitled: 'Egoisme a M. Palissot'. Exact title not found.  Closest title match is an attack on Palissot de Montenoy: 'L'Homme content de lui-me?me, ou L'E?goisme de la Dunciade ', written by de Cerfvol and Jean Henri Marchand, published in Berne, 1772. OCLC Number: 559714073. Other title found for this attack is 'L'Egoiste', by M. Marchand, 1771. https://books.google.com.au/books?id=WhlcAAAAcAAJ"	spbk0003398	Egoïsme (l')	1
548	Esprit de Saurin	"Durand, François-Jacques; Saurin, Jacques;"		19r	"Date ambiguous (1750-). Source data entitled: 'Esprit (l') de Saurin'. Published in Lausanne:  J. P. Heubach, 1767."	spbk0000763	Esprit de Saurin	1
549	Essai général de tactique	"Guibert, Jacques Antoine Hippolyte [de];"		19r	"Date ambiguous (1750-). Published in London: Libraires Associe?s, 1772."	spbk0003292	Essai général de tactique	1
576	Fanatisme (le) des philosophes	"Linguet, Simon-Nicolas-Henri"		21v	"Date ambiguous (1730-). Published in London and Abbeville: chez De Ve?rite?, 1764."	spbk00014958	Fanatisme (le) des philosophes	1
582	Fragments et instructions pour le prince royal de Prusse	Voltaire; Francois-Marie Arouet		21v	"Date ambiguous (1730-). Published in Gene?ve: Cramer, 1767."	spbk0000927	Fragment des instructions pour le prince royal de***	0.92
583	Fille (la) de joye	"Cleland, John;"		21v	"Date ambiguous (1730-). Published in Lampsaque, 1751."	spbk0000918	Fille (la) de joye	1
596	Guerrier (le) philosophe	"Jourdan, Jean-Baptiste;"		23r	"Date ambiguous (1708-1729). Published in Amsterdam: Aux de?pens de la Compagnie; La Haye: Chez Pierre de Hondt, 1744."	spbk0000989	Guerrier (le) philosophe	1
615	Histoire de l'ancien et du nouveau testament			25r	"Date ambiguous (1703-1708). Closest title match: 'Histoire de l'Ancien et du Nouveau Testament et des Juifs, Pour servir d'introduction a? l'Histoire Eccle?siastique de M. l'Abbe? Fleury', by Augustin Calmet, published in  Paris: Emery, 1719."	spbk0010209	"Histoire de l'ancien et du nouveau testament et des Juifs, pour servir d'introduction à l'histoire ecclésiastique de Fleury, par D. Calmet"	0.88
628	Histoire des papes		1712-00-00	25v	"No title matching the source date. Closest title match: 'Histoire des papes, où l'on voit ce qui s'est passé de plus remarquable pendant leur pontificat, depuis Saint Pierre jusques à Clément XI', Lyon: Francois Comba, 1703."	zspbk0011853	Histoire des arabes	0.842105263
632	Histoire de la Bible		1715-00-00	25v	"Best title match: 'Histoire de la Sainte Bible, contenant le Vieux et le Nouveau Testament; avec des explications edifiantes tire?es des SS. peres, pour re?gler les mouers dans toutes fortes de conditions: dedie?e a? Monseigneur le Dauphin', by  Nicolas Fontaine, published in Lyon: aux de?pens de la Socie?te? des Libraires, 1713 (?)."	spbk0004440	Histoires de la Bible	0.952380952
632	Histoire de la Bible		1715-00-00	25v	"Best title match: 'Histoire de la Sainte Bible, contenant le Vieux et le Nouveau Testament; avec des explications edifiantes tire?es des SS. peres, pour re?gler les mouers dans toutes fortes de conditions: dedie?e a? Monseigneur le Dauphin', by  Nicolas Fontaine, published in Lyon: aux de?pens de la Socie?te? des Libraires, 1713 (?)."	zspbk0012134	Histoire de la Suisse	0.80952381
639	"Histoire de la mere et du fils: c'est à dire de Marie de Médicis, Femme du Grand Henry, et Mère de Louis XIII, Roy de France, et de Navarre"	"Eudes de Mézeray, Francois"		25v	"Date ambiguous (1715-). Source data entitled: 'Histoire de la mere et du fils'. Published in Amsterdam: Chez Michel-Charles le Cene, 1730. OCLC Number: 9700463."	zspbk0011951	"Histoire de la mere et du fils: c'est à dire de Marie de Médicis, Femme du Grand Henry, et Mère de Louis XIII, Roy de France, et de Navarre"	1
641	Histoire de Philippe II roi d'Espagne			25v	Date ambiguous (1715-). Source data entitled: 'Histoire de Philippes II roy d'Espagne'. Work and author not identified.	zspbk0011292	"Vie de Philippe II, roi d'Espagne"	0.810810811
646	"Histoire critique de la philosophie: Ou l'on traite de son origine, de ses progres"	"Boureau-Deslandes, Andre-Francois"		25v	"Date ambiguous (1715-). Source data entitled: 'Histoire critique de la philosophie'. Published in Amsterdam, Chez F. Changuion, 1737 and 1756."	zspbk0011897	"Histoire critique de la philosophie: Ou l'on traite de son origine, de ses progres"	1
668	"Histoire de la pairie de France et du Parlement de Paris, ou? l'on traite aussi des e?lecteurs de l'Empire et du Cardinalat par M.D.B."	"Boulainvilliers, Henri de; Le Laboureur, Jean"		26r	"Date ambiguous (1715-). Source data entitled: 'Histoire de la pairie de France par M. Le Laboureur'. Published in London: S. Harding, 1753."	spbk00014959	Histoire de la pairie de France et du parlement de Paris	0.98
692	Honni soit qui mal y pense; ou histoires des filles ce?le?bres du XVIIIe sie?cle	"Desboulmiers, Jean-Auguste Jullien"		26v	"Date ambiguous (1715-). Source data entitled: 'Honni soit qui mal y pense'. Published in Londres, unknown publisher, 1761. Author's details: https://fr.wikipedia.org/wiki/Desboulmiers. OCLC Number: 559768365."	spbk0010229	"Honi soit qui mal y pense, ou Histoire des filles célèbres du dix-huitième siècle"	0.88
700	Histoire d'Iris	"Poisson, M.-C.;"		27r	"Date ambiguous (1715-). Published in La Haye : Roguet, 1736."	spbk0001045	Histoire d'Iris	1
703	Histoire de la Confédération helvétique	"Watteville, Alexandre Louis [de];"		27r	"Date ambiguous (1715-). First published in Berne: Gottschall, 1754."	spbk0001100	Histoire de la Confédération helvétique	1
709	Histoire générale des dogmes et opinions philosophiques	"Diderot, Denis;"		27r	"Date ambiguous (1715-). Published in London, unknown publisher, 1769."	spbk0001156	Histoire générale des dogmes et opinions philosophiques	1
710	Histoire du parlement de Paris	"Voltaire, François Marie Arouet;"		27r	"Date ambiguous (1715-). Published in Amsterdam, Jean Jacques Du Fay, 1769."	zspbk0013065	Histoire du parlement de Paris	1
710	Histoire du parlement de Paris	"Voltaire, François Marie Arouet;"		27r	"Date ambiguous (1715-). Published in Amsterdam, Jean Jacques Du Fay, 1769."	spbk0001148	Histoire du Parlement de Paris	0.966666667
711	Homme (l') au latin	"Siret, Pierre-Louis;"		27r	"Date ambiguous (1715-). Published in London: John Nourse, 1769."	spbk0002564	Homme (l') au latin	1
714	Homme (l') aux quarante ecus	"Voltaire, François Marie Arouet;"		27r	"Date ambiguous (1715-). Published in Geneva, publisher not identified, 1768."	spbk0001204	Homme (l') aux quarante ecus	1
722	Histoire philosophique et politique des e?tablissements	"Raynal, Guillaume-Thomas-François"		27r	"Date ambiguous (1715-). Source data entitled: 'Histoire politique du commerce des deux Indes', published in Amsterdam, publisher not identified, 1720. At least two other editions identified in Amsterdam: 1733 and 1770."	spbk0002756	[Histoire philosophique et politique des établissements et du commerce des Européens dans les deux Indes]	0.94
761	Instruction d'un pere à sa fille	"Dupuy La Chapelle, N.;"		28v	"Date ambiguous (1738-1739). First published in Paris: N. Le Clerc, 1707. Several editions until 1789."	spbk0004963	Instruction d'un pere à sa fille	1
761	Instruction d'un pere à sa fille	"Dupuy La Chapelle, N.;"		28v	"Date ambiguous (1738-1739). First published in Paris: N. Le Clerc, 1707. Several editions until 1789."	spbk0004221	Instruction d'un père a son fils	0.8125
763	Instructions sur les dispositions que l'on doit apporter aux sacrements de penitence et d'eucharistie	"Treuve?, Simon Michel"	1739-00-00	28v	"Work and author not identified. First published in 1676. Thereafter several publications, notably: Paris Guillaume Desprez, 1734. OCLC Number: 433872899."	spbk0010240	Instruction sur les dispositions qu'on doit apporter aux sacremens de Pénitence et d'eucharistie	0.84
787	"Traite? de l'infini cre?e?, avec l'explication de la possibilite? de la transsubstantiation"	"Malebranche, Nicolas de; Boulainvilliers, Henri de"		29r	"Date ambiguous (1750-). Source data entitled: 'Infini (de l') cree par le P. Mallebranche'. Published in Amsterdam : M. M. Rey, 1769. OCLC Number: 490502005."	spbk00014943	"Traité de l'infini crée, avec l'explication de la possibilité de la transsubstantiation. Traité de la confession et de la communion par P. Malebranche"	0.84
791	Instructions adressées par Sa Majesté l'impératrice de toutes les Russies	"Catherine II, empress of Russia"		29r	"Date ambiguous (1750-). Source data entitled: 'Instruction donnee par Catherine II imp. de Russie'. First published in Lausanne: Franc?ois Grasset et Cie, 1749, then 1769."	spbk0001249	Instructions adressées par Sa Majesté l'impératrice de toutes les Russies	1
796	Joujou (le) des demoiselles	"Saint-Just, Simon-Pierre Mérard [de]; Jouffreau de Lagerie [abbé];"		29r	"Date ambiguous (1750-). First published in Paris in 1750 (?), then in London: Chez Jean-Nicaise Le Plat, 1753, 1757 and 1758."	spbk0001298	Joujou (le) des demoiselles	1
801	"Jean Hennuyer, évêque de Lisieux"	"Mercier, Louis-Sébastien;"		29v	"Date ambiguous (1750-). Source data entitled: 'Jean Hennuyer, évêque de Lisieux, drame'. Several editions: Londres [i.e. Paris, Edme-Jean Le Jay], 1772;  Lisieux, Le chapitre, 1773; Paris: Chez Ruault, libraire, 1775."	spbk0001291	"Jean Hennuyer, évêque de Lisieux"	1
804	Lettres nouvelles			30r	Date ambiguous (1700-1704). Source data entitled: 'Lettres nouvelles par M. de Grimarais'. Work and author not identified.	spbk0010189	Heures nouvelles	0.823529412
820	Lettres de feu m. Nicole	"Nicole, Pierre"	1718-00-00	30r	"Source data entitled: 'lettres de Nicole'.Published in Lille: Jean Baptiste Brovellio, 1718. Earlier editions identified: Liège, chez Jean-Franc?ois Bronkart, 1702 and 1706, and Paris : Chez Jean Musier, 1702."	zspbk0011047	Lettres de feu M. Nicole	0.958333333
857	Lettre a Monseigneur l'archeveque de Lyon	"Prost de Rover, Antoine-Francois; Caradeuc de la Chalotais, Louis-Rene, de"		31r	"Date ambiguous (1748-). Published in Avignon, 1763. OCLC Number: 943062847."	zspbk0013077	Lettres de Monseigneur l'archevêque de ***	0.80952381
861	Lettres critiques d'un voyageur Anglais sur l'article Geneve du dictionaire encyclopedique			31r	"Date ambiguous (1748-). Source data entitled: 'Lettre critique d'un voyageur anglois sur l'article Geneve dans l'encyclopedie'. Published in Utrecht: J. C. Ten Bosch, 1759, then at least two editions identified, Utrecht, 1761 and Copenhaguen, 1766. Author not identified. https://books.google.com.au/books?id=seNXAAAAcAAJ"	zspbk0013160	Lettres critiques d'un voyageur anglois sur l'article Genève du Dictionaire encyclopédique; & sur la lettre de Mr. d'Alembert à Mr. Rousseau	0.96
869	Leçons de droit de la nature et des gens	"Félice, Fortunato Bartholomeo [de];"		31v	"Date ambiguous (1748-). Published in Yverdon and Lyon: Chez Jean-Marie Bruyset, 1769."	spbk0002750	Leçons de droit de la nature et des gens	1
876	Lettres philosophiques	"Voltaire, Francois-Marie Arouet"		31v	"Date ambiguous (1748-). Source data entitled: 'Lettres philosophiques de Voltaire'. First published in Amsterdam:  E. Lucas, 1734."	zspbk0013786	Lettres philosophiques	1
876	Lettres philosophiques	"Voltaire, Francois-Marie Arouet"		31v	"Date ambiguous (1748-). Source data entitled: 'Lettres philosophiques de Voltaire'. First published in Amsterdam:  E. Lucas, 1734."	spbk0001358	Lettre philosophique	0.909090909
876	Lettres philosophiques	"Voltaire, Francois-Marie Arouet"		31v	"Date ambiguous (1748-). Source data entitled: 'Lettres philosophiques de Voltaire'. First published in Amsterdam:  E. Lucas, 1734."	spbk00014811	Oeuvres philosophiques	0.863636364
876	Lettres philosophiques	"Voltaire, Francois-Marie Arouet"		31v	"Date ambiguous (1748-). Source data entitled: 'Lettres philosophiques de Voltaire'. First published in Amsterdam:  E. Lucas, 1734."	spbk0001457	Leçons philosophiques	0.818181818
876	Lettres philosophiques	"Voltaire, Francois-Marie Arouet"		31v	"Date ambiguous (1748-). Source data entitled: 'Lettres philosophiques de Voltaire'. First published in Amsterdam:  E. Lucas, 1734."	spbk0001900	Pensées philosophiques	0.818181818
877	Lettres ecrites de la montagne	"Rousseau, Jean-Jacques"		31v	"Date ambiguous (1748-). Source data entitled: 'Lettres de la montagne par J. J. Rousseau'. First published in Amsterdam: Marc Michel Rey, 1764."	spbk0001450	Lettres écrites de la montagne	0.966666667
878	De la nature	"Robinet, Jean-Baptiste-Rene?"		31v	"Date ambiguous (1748-). Source data entitled: 'La (de) nature par Robinet'. First published in Amsterdam, chez E. Van Harrevelt, 1761."	spbk00015052	De la nature	1
879	Lettres allemandes traduites en francois			31v	"Date ambiguous (1748-). No author identified. Date of publication unknown, published in La Haye : Par la Compagnie. OCLC Number: 460269850."	spbk00014923	"Lettres allemandes, traduites en français"	0.926829268
880	Lettres cabalistiques	"Argens, Jean-Baptiste de Boyer [marquis d'];"		31v	"Date ambiguous (1748-). First published in La Haye: Pierre Paupie, 1737-38. Several publications thereafter."	spbk0001368	Lettres cabalistiques	1
881	Lettres juives	"Argens, Jean-Baptiste de Boyer [marquis d'];"		31v	"Date ambiguous (1748-). First published in La Haye, 1735-1737 also in Lausanne: chez Marc Michel Bousquet, 1738. Several publications thereafter, notably: in La Haye: Paupie, 1777."	spbk0001426	Lettres juives	1
882	Lettres chinoises	"Argens, Jean-Baptiste de Boyer [marquis d'];"		31v	Date ambiguous (1748-). First published in La Haye: Paupie 1739; several publications thereafter.	spbk0001370	Lettres chinoises	1
882	Lettres chinoises	"Argens, Jean-Baptiste de Boyer [marquis d'];"		31v	Date ambiguous (1748-). First published in La Haye: Paupie 1739; several publications thereafter.	zspbk0013118	Lettres illinoises	0.833333333
895	"Lettres provinciales: ou Examen impartial de l'origine, de la constitution, et des révolutions de la monarchie françoise"	"Bouquet, Pierre"		32r	"Date ambiguous (1748-). Source data entitled: 'Lettres provinciales par l'abbe Bouquet'. Published in La Haye: Le Neutre; Paris: Merlin, 1772."	zspbk0013198	"Lettres provinciales: ou Examen impartial de l'origine, de la constitution, et des révolutions de la monarchie françoise"	1
895	"Lettres provinciales: ou Examen impartial de l'origine, de la constitution, et des révolutions de la monarchie françoise"	"Bouquet, Pierre"		32r	"Date ambiguous (1748-). Source data entitled: 'Lettres provinciales par l'abbe Bouquet'. Published in La Haye: Le Neutre; Paris: Merlin, 1772."	zspbk0013967	"Lettres provinciales, ou Examen impartial de l'origine, de la constitution, et des révolutions de la monarchie franc?oise"	0.98
922	Memoires pour servir a l'histoire de la Grande Bretagne			33v	"Date ambiguous (1718-1729). First published in London: Ward, 1725. Translated from the English by  Gilbert Burnet. Author not identified. Also published in La  Haye: Neaulme, 1735."	zspbk0011814	Mémoires pour servir a l'histoire de Brandebourg	0.82
930	Memoires pour servir a l'histoire du Languedoc	"Lamoignon de Basville, Nicolas"		33v	"Date ambiguous (1718-1729). Published in Amsterdam: Chez P. Boyer, 1734 and J. Ryckhoff, 1736."	zspbk0010872	Memoires pour servir à l'histoire de la vertu	0.804347826
931	Mémoires du duc de Villars	"Villars, Claude Louis Hector [de]; Plantavit de La Pause, Guillaume;"		33v	"Date ambiguous (1718-1729). Published in La Haye: chez Pierre Gosse, 1735-1736; London: J. Nourse, 1739. Several editions thereafter."	spbk0002929	Mémoires du duc de Villars	1
932	Mémoires pour servir a l'histoire du XVIIIeme siecle	"Lamberty, Guillaume, de"		33v	"Date ambiguous (1718-1729). Published in La Haye: H. Scheurleer; Amsterdam: P. Mortier, 1724-1740. OCLC Number:492627099."	zspbk0012247	Memoires pour servir a l'histoire du XVIIIeme siecle	0.98
932	Mémoires pour servir a l'histoire du XVIIIeme siecle	"Lamberty, Guillaume, de"		33v	"Date ambiguous (1718-1729). Published in La Haye: H. Scheurleer; Amsterdam: P. Mortier, 1724-1740. OCLC Number:492627099."	zspbk0013318	Memoires pour servir à l'histoire du XVIII siècle	0.84
936	"Magasin des enfants, ou, Dialogues entre une sage gouvernante et plusieurs de ses e?le?ves de la premie?re distinction"	"Le prince de Beaumont, Jeanne-Marie"		33v	"Date ambiguous (1718-1729). Source data entitled: 'Magasin (le)'. At least three editions identified: London: J. Haberkorn, 1756; Lyon: Chez Jean-Baptiste Reguilliat, 1758;  and London: Chez J. Nourse, 1760."	spbk0001497	Magasin des enfants ou Dialogues entre une sage gouvernante et plusiers de ses élèves	0.92
937	"Me?moires pour servir a? l'histoire de la Fe?te des Fous, qui se faisoit autrefois dans plusieurs e?glises"	"Lucotte Du Tilliot, Jean-Bénigne"		33v	"Date ambiguous (1718-1729). Source data entitled: 'Memoires pour servir a l'histoire de la fete des fous'.  Published in Lausanne, Gene?ve: Marc-Michel Bousquet et compagnie, 1741 and 1751. https://books.google.com.au/books?id=lcxhAAAAcAAJ"	zspbk0014160	Me?moires pour servir a l'histoire de la Faculte? de medecine de Montpellier	0.84
937	"Me?moires pour servir a? l'histoire de la Fe?te des Fous, qui se faisoit autrefois dans plusieurs e?glises"	"Lucotte Du Tilliot, Jean-Bénigne"		33v	"Date ambiguous (1718-1729). Source data entitled: 'Memoires pour servir a l'histoire de la fete des fous'.  Published in Lausanne, Gene?ve: Marc-Michel Bousquet et compagnie, 1741 and 1751. https://books.google.com.au/books?id=lcxhAAAAcAAJ"	zspbk0010872	Memoires pour servir à l'histoire de la vertu	0.82
940	"Me?moires de Maximilien-Emanuel, duc de Wirtemberg, colonel d'un re?giment de dragons au service de Sue?de"	F. P.		33v	"Date ambiguous (1718-1729). Source data entitled: 'Memoires de Wirtemberg'. Author's full name not identified. Published in Amsterdam and Leipzig: Arkstee et Merkus, 1740. OCLC Number: 760960861."	zspbk0011075	Mémoires de Maximilien Emanuel Duc de Wirtemberg	0.9
941	"Matanasiana: ou, Mémoires littéraires, historiques et critiques du docteur Matanasianus"	"Saint-Hyacinthe, The?miseul, de"		34r	"Date ambiguous (1718-1729). Source data entitled: 'Matanasiana'. Published in La Haye:  la veuve de Charles Le Vier, 1740. https://books.google.com.au/books?id=4d4TAAAAQAAJ"	zspbk0012896	"Matanasiana: ou, Mémoires littéraires, historiques et critiques du docteur Matanasianus"	1
996	Maximes et avis propres pour conduire un pêcheur à une véritable conversion	"Boyer, François"		35r	"Date ambiguous (1750-). Source data entitled: 'Maximes et avis pour conduire un pecheur'. Published in Paris : F. Babuty, 1727 and 1734."	zspbk0011425	Maximes et avis propres pour conduire un pêcheur à une véritable conversion	1
1009	Manuel des philosophes			35v	Date ambiguous (1750-). Work and author not identified.	spbk0001528	Manuel du Philosophe	0.818181818
1018	Morale (la) des anciens philosophes			35v	"Date ambiguous (1750-). Published in Berne: Socie?te? Typographique, 1770.  Author identified as 'by D'****, (M. le marquis)'. OCLC Number: 492828800."	spbk0003677	Morale des anciens philosophes	0.857142857
1019	Mélanges philosophiques	"Formey, Jean Henri Samuel;"		35v	"Date ambiguous (1750-). Published in Leyde: Luzac, 1754."	spbk0004995	Mélanges philosophiques	1
1019	Mélanges philosophiques	"Formey, Jean Henri Samuel;"		35v	"Date ambiguous (1750-). Published in Leyde: Luzac, 1754."	zspbk0011379	Mélanges philosophiques	1
1019	Mélanges philosophiques	"Formey, Jean Henri Samuel;"		35v	"Date ambiguous (1750-). Published in Leyde: Luzac, 1754."	zspbk0013684	Songes philosophiques	0.826086957
1019	Mélanges philosophiques	"Formey, Jean Henri Samuel;"		35v	"Date ambiguous (1750-). Published in Leyde: Luzac, 1754."	zspbk0013829	Songes philosophiques	0.826086957
1020	Moyen (le) de parvenir	"Béroalde de Verville, François;"		35v	"Date ambiguous (1750-). Source data entitled: 'Moyen de parvenir'. First edition identified in 1650, then Paris: 1747; 1750; 1754; 1757, publisher not identified."	spbk0001608	Moyen (le) de parvenir	1
1024	"Memoires secrets de la république des lettres, ou le Théâtre de la vérité <zspbk0012858>"	"Boyer Argens, Jean-Baptiste, de"		35v	"Date ambiguous (1750-). Source data entitled: 'Memoires secrets de la république des lettres'. First edition identified: Amsterdam: Desbordes, 1740, several editions thereafter. Possible matching edition:  Amsterdam : Neaulme, 1759."	zspbk0012858	"Memoires secrets de la république des lettres, ou le Théâtre de la vérité"	1
1026	Memoires secrets pour servir a l'histoire de Perse	"Pecquet, Antoine; Resse?quier, chevalier de; Clement-Ignace"		35v	"Date ambiguous (1750-). Source data entitled: 'Memoires pour servir a l'histoire de Perse'. Published in Berlin: aux de?pens de la Compagnie, 1759; and in Amsterdam, publisher not identified, 1763; 1765."	spbk0001683	Mémoires secrets pour servir à l'histoire de Perse	0.96
1026	Memoires secrets pour servir a l'histoire de Perse	"Pecquet, Antoine; Resse?quier, chevalier de; Clement-Ignace"		35v	"Date ambiguous (1750-). Source data entitled: 'Memoires pour servir a l'histoire de Perse'. Published in Berlin: aux de?pens de la Compagnie, 1759; and in Amsterdam, publisher not identified, 1763; 1765."	spbk0001684	Mémoires secrets pour servir à l'histoire de la république des lettres en France	0.86
1040	Nouveau (le) testament		1709-00-00	37r	"Source data entitled: 'Nouveau (le) testament traduit par M. de Martignac'. This particular edition has not been identified. Etienne Algay de Martignac (1620-1698) was a latin translator, but source title has not been identified as translated by him."	spbk0001718	Nouveau (le) Testament	0.954545455
1096	Oeuvres melees	"Lagrange-Chancel, François-Joseph de"		39r	"Date ambiguous (1718-). Source data entitled: 'Oeuvres melees de M. de La Grange'. Title mentioned in 'Catalogue de la bibliothèque de feu M. Arthur Dinaux ', Paris: Bachelin Deflorenne, 1864, p. 269. Published in La Haye, 1724, publisher not identified. François-Joseph de Lagrange-Chancel, (1677-1758) published 'Les Philippiques' against the Regent and got exiled to Holland. This collection of poems was published after in his exile."	spbk0001844	Oeuvres mêlées	0.857142857
1123	Oeuvres de Grecourt	"Gre?court, Jean-Baptiste Willart de"		39v	"Date ambiguous (1718-). First edition identified: Amsterdam: P. Mortier, 1746. Then  Luxembourg, publisher not identified, 1751 and 1754; Amsterdam: Arkste?e"	spbk0001786	Oeuvres [de Grécourt]	0.857142857
1128	Observations historiques et critiques sur les Commentaires de Folard et sur la cavalerie <spbk0004045>	"Brezé, Gioacchino Bonaventura Argentero;"		39v	"Date ambiguous (1718-). Published in Turin: Fre?res Reycends, 1772."	spbk0004045	Observations historiques et critiques sur les commentaires de Folard et sur la cavalerie	0.98
1128	Observations historiques et critiques sur les Commentaires de Folard et sur la cavalerie <spbk0004045>	"Brezé, Gioacchino Bonaventura Argentero;"		39v	"Date ambiguous (1718-). Published in Turin: Fre?res Reycends, 1772."	spbk00014785	Observations historiques et critiques sur le droit publique de la principauté de la Catalogne	0.9
1162	Pensees secretes sur la religion et sur la vie chretienne	"Beveridge, William"		42v	Date ambiguous (1719-1733). Source data entitled: 'Pensees secrettes sur la religion'. First edition identified published in Amsterdam: Wetsteins	zspbk0013469	Pensées secrettes sur la religion et sur la vie chrétienne	0.94
1214	Pieces detachees relatives au clerge seculier et regulier	"Chastenet de Puysegur, Jacques Francois Maxime, de"		43v	"Date ambiguous (1750-). First edition identified : Amsterdam: Marc Michel Rey, 1771."	spbk0001927	"Pièces détachées, relatives au clergé séculier et régulier"	0.86
1223	Philosophie (la) du bon sens	"Boyer d' Argens, Jean-Baptiste, de"		44r	"Date ambiguous (1750-). Source data entitled: 'Philosophie (la) du bon sens par le Mis d'Argens'. First edition identified: London: Aux De?pens de la Compagnie, 1737. Several editions thereafter, including:  Berlin: Chez Haude et Spener, 1763 and La Haye: P. Paupie, 1768."	spbk0001917	Philosophie (la) du bon-sens	0.964285714
1231	Preuve independante de tout autre de la verite de la religion chretienne	Littleton		44r	"Date ambiguous (1750-). Source data entitled: 'Preuve independante de tout autre de la verite de la religion chretienne par Littleton'. Published in Lausanne, 1758. Publisher not identified. Author's first name not found. https://books.google.com.au/books?id=KacTAAAAQAAJ"	spbk0003097	"Preuve indépendante de toute autre, de la vérité de la religion chrétienne"	0.86
1272	Resolution de plusieurs cas de conscience	"Sainte Beuve, Jacques de"	1709-00-00	47v	"First edition identified: Paris: G. Desprez, 1689-1704; then 1705 and 1715. Other contributor: Jerome de Sainte Beuve (brother of the author).  OCLC : 14281379."	zspbk0013135	Resolutions de plusieurs cas de conscience touchant la morale et la discipline de l'église	0.82
1285	Recherches sur la nature du feu de l'Enfer et du lieu où il est situé <zspbk0012902>	"Swinden, Tobias"	1729-00-00	47v	"Published in Amsterdam: Chez les Wetsteins, 1728-9. OCLC: 33306892."	zspbk0012902	Recherches sur la nature du feu de l'Enfer et du lieu où il est situé	1
1286	Reflexions sur les grands hommes qui sont morts en plaisantant. Augmente?e d'epitaphes	"Boureau-Deslandes, Andre? Franc?ois"		47v	"Date ambiguous (1727-1729). Source data entitled: 'Reflexion sur les grands hommes qui sont morts en plaisantant'. First edition identified was published in Amsterdam: Westeing, 1732; then several editions until 1776. OCLC Number: 248060063."	spbk0002074	Réflexions sur les grands hommes qui sont morts en plaisantant	0.98
1310	Relation du voyage mysterieux de l'isle de la vertu a Oronte	Herissant	1740-00-00	48v	"Source data entitled: 'Relation du voyage mysterieux de l'isle de la vertu'. First edition identified: Mons, chez Gaspard Migeot, 1677. Several publications until 1760, including  Mons: Me?geot, 1739 and 1740. Author identity not clear: Jean Thomas He?rissant Des Carrie?res; Louis The?odore He?rissant. OCLC Number: 868971886."	zspbk0010954	Relation du Voyage Misterieux de l'Isle de la Vertu nouvelle edition	0.9
1371	Science (la) du gouvernement	"Re?al de Curban, Gaspard de"		50v	Date ambiguous (1746-). Published in Amsterdam: Arkste?e	zspbk0013134	Science [la] du gouvernement	0.928571429
1379	Supplementum ad varias collectiones operum	"Bernard van Espen, Zeger"		51r	"Date ambiguous (1746-). Source data entitled: 'Supplementum ad varias collectiones operum zegeri Bernardi Wanespen'. First edition identified: Brussels: Vleminkx, Flon; and Paris: Herissant, 1768. Last edition identified:  Brussels, 1778, publisher not identified. https://books.google.com.au/books?id=zZxmAAAAcAAJ"	spbk00014784	Supplementum ad varias collectiones operum	1
1379	Supplementum ad varias collectiones operum	"Bernard van Espen, Zeger"		51r	"Date ambiguous (1746-). Source data entitled: 'Supplementum ad varias collectiones operum zegeri Bernardi Wanespen'. First edition identified: Brussels: Vleminkx, Flon; and Paris: Herissant, 1768. Last edition identified:  Brussels, 1778, publisher not identified. https://books.google.com.au/books?id=zZxmAAAAcAAJ"	spbk00014985	Supplementum ad varias collectiones operum…	0.976744186
1405	"Traite? de la connaissance des droits et des domaines du roi, et de ceux des seigneurs particuliers qui rele?vent me?diatement ou imme?diatement de sa Majeste?"	Berthelot du Ferrier		52r	"Date ambiguous (1702-1703). Source data entitled: 'Traite de la connoissance des droits du Roy et de ceux des seigneurs particuliers'. First edition identified: Paris: Collombat, 1719; then Veuve Saugrain et P. Prault, 1725. Author's first name not found. https://books.google.com.au/books?id=BZrr7Ojvz8cC"	zspbk0013824	Traité de la connoissance des droits et des domaines du Roy et de ceux des seigneurs particuliers qui relèvent médiatement ou immédiatement de Sa Majesté	0.92
1456	"Traité de la confiance en la miséricorde de dieu, par M. l'évêque de Soissons <spbk0010518>"	"Languet de La Villeneuve de Gergy, Jean Joseph;"	1744-00-00	53v	"Source data entitled: 'Traité de la confiance en la miséricorde de dieu'. First edition identified: Paris : Veuve R. Mazieres, 1725.  OCLC: 913696551."	spbk0010518	"Traité de la confiance en la miséricorde de dieu, par M. l'évêque de Soissons"	1
1459	Traite de la nature		1746-00-00	53v	"Possible title match: 'Traite de la nature et de la grace', by Nicolas Malebranche, published first in 1684; 'Traité de la nature', by Guillaume Cokburn, published in Freres Osmont, 1730, place of publication unknown; 'Traite? de la nature', anonymous science manuscript, ca. 1750, OCLC: 754864557."	zspbk0013823	Traite de la jauge	0.842105263
1472	Traité de la vérole et de toutes les maladies vénériennes	Coste		53v	"Date ambiguous (1749-). Source data entitled: 'Traite de la Verole'. Published in Berlin: chez George Jacques Decker, 1769. Author identified as 'Coste, junior chirurgien des gardes du roi de Prusse'. First name found. OCLC: 14303652."	zspbk0014288	Traité de la vérole et de toutes les maladies vénériennes	1
1474	"Le temple du bonheur, ou Recueil des plus excellents traite?s sur le bonheur"			53v	"Date ambiguous (1749-). Source data entitled: 'Temple (le) du bonheur'. First edition identified: Bouillon: Societe Typographique, 1769. OCLC: 611751122."	zspbk0013391	"Le temple du bonheur, ou Recueil des plus excellens traite?s sur le bonheur"	1
1526	"Voyages du Sieur A. de La Motraye en Europe, Asie et Afrique"	"La Mottraye, Aubry de"	1728-00-00	55v	"Source data entitled: 'Voyage de la Motraye'. First published in La Haye: T. Jonson and J. Van Duren, 1727. OCLC Number: 461348273. Two spellings for author's name: 'La Motraye' and 'La Mottraye'."	zspbk0012098	"Voyages du Sr A. de La Motroye en Europe, Asie, et Afrique"	0.86
1551	"Les vrais Quakers, ou les exhortations, harangues, et prédictions des vrais serviteurs du Seigneur Dieu"	"Colmont de Vaugrenant, Henri Camille"		56r	"Date ambiguous (1748-). Source data entitled: 'Vrais (les) Quakers'. Published in London, 1770. Also in Paris: chez L. Prault and Bruxelles: chez A. D'Ours, 1771. Other contributors possible."	spbk00015038	"Les vrais Quakers, ou Les exhortations, harangues et prédictions des vrais serviteurs du Seigneur Dieu"	0.96
