edition_1	title_1	authors_1	imprint_place_1	imprint_year_1	imprint_publisher_1	format_1	pages_1	vols_1	edition_status_1	notes_1	work_code_1	edition_2	title_2	authors_2	imprint_place_2	imprint_year_2	imprint_publisher_2	format_2	pages_2	vols_2	edition_status_2	notes_2	work_code_2	osa	cos	identical?
nbk0011807	"Instructions chretiennes pour les jeunes gens, utiles à toutes sortes de personnes, melées de plusieurs traits d’histoire et d’exemples edifians.  Huitieme edition, corrigée et reimprimée par l’Ordre de Monseigneur l’Archevêque de Besançon"	"Humbert, Pierre Hubert (Primary)"	Avignon		Societé des Libraires	in-12		1	Certain	Pirate edition. Edition details as in source data.  May be a false imprint.  Claims to be published 'avec approbation et permission'.	spbk0010247	nbk0011765	"Instructions chretiennes pour les jeunes gens, utiles à toutes sortes de personnes, melées de plusieurs traits d’histoire et d’exemples edifians.  Huitieme edition, corrigée et augmentée des prieres pendant la Ste messe, de l’exercice pour La Confession et la Communion et des vepres du dimanche"	"Humbert, Pierre Hubert (Primary)"	Avignon		Societé des Libraires	in-12		1	Certain	Pirate edition. Edition details as in source data.  May be a false imprint.  Claims to be published 'avec approbation et permission'.	spbk0010247	1	1	
nbk0011980	"Mémoires politiques et militaires pour servir à l'histoire de Louis XIV et de Louis XV, par M. l’abbé Millot composés sur les pieces originales recueillies par Adrien Maurice duc de Noailles.  Nouvelle edition"	"Millot, Claude-François-Xavier (Primary)"				in-12		6	Pseudo	Pirate edition. Edition details as in source data.  Source data does not give publication details.	spbk0003407	nbk0011824	"Mémoires politiques et militaires pour servir à l'histoire de Louis XIV et de Louis XV, composé sur les pièces originales recueillies par Adrien-Maurice, duc de Noailles, marechal de France"	"Millot, Claude-François-Xavier (Primary); Noailles, Adrien Maurice de (Secondary)"				in-12		6	Pseudo	Pirate edition. Edition details as in source data.	spbk0003407	1	1	
nbk0015171	Coutume de Paris par Ferriere	"Ferriere, Claude de (Primary)"				unknown		0	Pseudo	Superbook and edition not identified. Several titles by Ferriere with 'Coutume de Paris'.	zspbk0010673	nbk0011984	Coutume de Paris par Ferriere					unknown		0	Pseudo	Source data does not give any details about this event – only short title and article no.	zspbk0010673	1	1	
nbk0016401	Geographie moderne	"Lacroix, Louis-Antoine Nicolle [de] (Primary)"				in-12		2	Pseudo	The title updated after Worldcat [OCLC819175170].	spbk0001002	nbk0012292	Geographie moderne					in-12		2	Pseudo	Pirate edition. Edition details as in source data. Source data does not provide publication details.	spbk0001002	1	1	
nbk0014923	Dictionnaire d'Etienne	"Etienne, Robert (Primary)"				in-folio		4	Pseudo	Sdition not identified. All information after source data.	zspbk0011227	nbk0014051	Dictionnaire d'Etienne					in-folio		4	Pseudo	Superbook and edition not identified. All information after source data.	zspbk0011227	1	1	
nbk0016072	[Ouvrages des Scavans]	"Basnage de Beauval, Henri (Primary)"				unknown		0	Pseudo	Edition not identified. All information after source data.	zspbk0011480	nbk0014437	[Ouvrages des Scavans]					unknown		0	Pseudo	Superbook and edition not identified. All information after source data.	zspbk0011480	1	1	
nbk0014566	"Heures imprimées par l'ordre de monseigneur le cardinal de Noailles, archevesque de Paris, à l'usage de son diocése"	"Noailles, cardinal de (Primary)"	Paris		"Delespine, Jean-Baptiste-Alexandre"	in-12		1	Probable	"The full title, place and publisher, updated after Worldcat [OCLC  	469560800]. Worldcat gives different years and number of pages."	zspbk0010574	nbk0014565	"Heures imprimées par l'ordre de monseigneur le cardinal de Noailles, archevesque de Paris, à l'usage de son diocése"	"Noailles, cardinal de (Primary)"	Paris		"Delespine, Jean-Baptiste-Alexandre"	in-12		1	Probable	"The full title, place and publisher, updated after Worldcat [OCLC  	469560800]. Worldcat gives different years and number of pages."	zspbk0010574	1	1	
nbk0014567	"Heures imprimées par l'ordre de monseigneur le cardinal de Noailles, archevesque de Paris, à l'usage de son diocése"	"Noailles, cardinal de (Primary)"	Paris		"Delespine, Jean-Baptiste-Alexandre"	in-12		1	Probable	"The full title, place and publisher, updated after Worldcat [OCLC  	469560800]. Worldcat gives different years and number of pages."	zspbk0010574	nbk0014565	"Heures imprimées par l'ordre de monseigneur le cardinal de Noailles, archevesque de Paris, à l'usage de son diocése"	"Noailles, cardinal de (Primary)"	Paris		"Delespine, Jean-Baptiste-Alexandre"	in-12		1	Probable	"The full title, place and publisher, updated after Worldcat [OCLC  	469560800]. Worldcat gives different years and number of pages."	zspbk0010574	1	1	
nbk0014567	"Heures imprimées par l'ordre de monseigneur le cardinal de Noailles, archevesque de Paris, à l'usage de son diocése"	"Noailles, cardinal de (Primary)"	Paris		"Delespine, Jean-Baptiste-Alexandre"	in-12		1	Probable	"The full title, place and publisher, updated after Worldcat [OCLC  	469560800]. Worldcat gives different years and number of pages."	zspbk0010574	nbk0014566	"Heures imprimées par l'ordre de monseigneur le cardinal de Noailles, archevesque de Paris, à l'usage de son diocése"	"Noailles, cardinal de (Primary)"	Paris		"Delespine, Jean-Baptiste-Alexandre"	in-12		1	Probable	"The full title, place and publisher, updated after Worldcat [OCLC  	469560800]. Worldcat gives different years and number of pages."	zspbk0010574	1	1	
nbk0014607	Relation du Voyage Misterieux de l'Isle de la Vertu nouvelle edition					in-8		0	Pseudo	The title updated after Worldcat [OCLC 470144735].	zspbk0010954	nbk0014606	Relation du Voyage Misterieux de l'Isle de la Vertu nouvelle edition	"Palafox y Mendoza, Juan de (Primary)"				in-8		0	Probable	The title updated after Worldcat [OCLC 470144735].	zspbk0010954	1	1	
nbk0017504	Abeille (l') du Parnasse	"Formey, Jean-Henri-Samuel (Primary)"				unknown		0	Pseudo		zspbk0011986	nbk0015200	Abeille (l') du Parnasse					unknown		0	Pseudo	Superbook and edition not located.	zspbk0011986	1	1	
nbk0016068	Métamorphoses (les) d'Ovide	Ovide (Primary)	n.pl.			unknown		0	Pseudo	Edition not identified. All information after source data.	spbk0003735	nbk0015228	Métamorphoses (les) d'Ovide	"Ovide (Primary); Banier, Antoine (Translator)"	n.pl.			unknown		0	Pseudo	Edition not identified. All information after source data.	spbk0003735	1	1	
nbk0015460	Bible (La) Sainte: qui contient l'Ancien et le Nouveau Testament [en hollandois]	[Bible] (Primary)	Amsterdam		Pierre Mortier	in-folio		2	Probable	The full title and place updated after Worldcat [OCLC 49007888]. Wolrdcat records suggest several editions of the Bible by Mortier.	spbk0010569	nbk0015459	Bible (La) Sainte: qui contient l'Ancien et le Nouveau Testament	[Bible] (Primary)	Amsterdam		Pierre Mortier	in-folio		2	Probable	The full title and place updated after Worldcat [OCLC 49007888]. Wolrdcat records suggest several editions of the Bible by Mortier.	spbk0010569	1	1	
nbk0018748	Regle du tiers ordre de Saint François	Archange de Saint-Gabriel (Primary)				in-12		0	Pseudo	Edition not identified. Several edition produced.	zspbk0012297	nbk0015737	Regle du tiers ordre de Saint François					in-12		0	Pseudo	Edition not identified. Several edition produced.	zspbk0012297	1	1	
nbk0015740	Règle (La) du tiers ordre de Saint François d'Assise	Léonard de Paris [capucin] (Primary)	Paris			in-12	([16]-4-354-166 p.)	1	Probable	"The title, place, number of pages/ volumes, updated after Wolrdcat [OCLC 492384267]. Two editions recorded in Wolrdcat."	zspbk0012297	nbk0015739	Règle (La) du tiers ordre de Saint François d'Assise	Léonard de Paris [capucin] (Primary)	Paris			in-12	([16]-4-354-166 p.)	1	Probable	"The title, place, number of pages/ volumes, updated after Wolrdcat [OCLC 492384267]."	zspbk0012297	1	1	
nbk0019403	Virgile de Massrivieux	"Virgile (Primary); Burman, Pieter (Secondary)"				unknown		0	Pseudo	Superbook and edition not identified. All information after source data.	zspbk0012562	nbk0016204	Virgile de Massrivieux	Virgile (Primary)				unknown		0	Pseudo	Superbook and edition not identified. All information after source data.	zspbk0012562	1	1	
nbk0016277	Histoire des insectes					unknown		2	Pseudo	Superbook and edition not identified. All information after source data.	zspbk0012606	nbk0016276	Histoire des insectes					unknown		2	Pseudo	Superbook and edition not identified. All information after source data.	zspbk0012606	1	1	
nbk0018395	Cent (les) nouvelles nouvelles	"Gomez, Madame de (Primary)"	n.pl.			unknown		0	Pseudo	Edition not identified. All information after source data.	spbk0000311	nbk0016451	Cent (les) nouvelles nouvelles		n.pl.			unknown		0	Pseudo	Edition not identified. All information after source data.	spbk0000311	1	1	
nbk0016627	Recueil des chansons		n.pl.			unknown		8	Pseudo	Superbook not identified. All information after source data.	spbk0002048	nbk0016626	Recueil des chansons		n.pl.			unknown		8	Pseudo	Superbook not identified. All information after source data.	spbk0002048	1	1	
nbk0016628	Recueil des chansons		n.pl.			unknown		8	Pseudo	Superbook not identified. All information after source data.	spbk0002048	nbk0016626	Recueil des chansons		n.pl.			unknown		8	Pseudo	Superbook not identified. All information after source data.	spbk0002048	1	1	
nbk0016628	Recueil des chansons		n.pl.			unknown		8	Pseudo	Superbook not identified. All information after source data.	spbk0002048	nbk0016627	Recueil des chansons		n.pl.			unknown		8	Pseudo	Superbook not identified. All information after source data.	spbk0002048	1	1	
nbk0017426	Caractères (les) de Theophraste	"La Bruyère, Jean [de] (Primary)"	n.pl.			unknown		0	Pseudo	Edition not identified	spbk0004737	nbk0017256	Caractères (les) de Theophraste	"La Bruyère, Jean [de] (Primary)"	n.pl.			unknown		0	Pseudo	Edition not identified	spbk0004737	1	1	
nbk0018568	[Semaine Sainte]					in-8		5	Pseudo	Superbook and edition not identified. The number of volumes updated for purposes of calculation.	zspbk0012215	nbk0017560	[Semaine Sainte]					in-8		5	Pseudo	Superbook and edition not identified. The number of volumes updated for purposes of calculation.	zspbk0012215	1	1	
nbk0017686	Pensées sur differens sujets de morale	"Avrillon, Jean Baptiste Elie (Primary)"				unknown		0	Pseudo	The title and author updated after Worldcat [OCLC 19944154].	zspbk0013514	nbk0017685	Pensées sur differens sujets de morale	Avrill (Primary)				unknown		0	Pseudo	The title and author updated after Worldcat [OCLC 19944154].	zspbk0013514	1	1	
nbk0017754	Histoire de l'anatomie et de la chirurgie	"Portal, Antoine (Primary)"				unknown		6	Pseudo	Edition not identified. Worldcat gives editions in 5 and 6.	zspbk0013543	nbk0017753	Histoire de l'anatomie et de la chirurgie					unknown		6	Pseudo	Edition not identified. Worldcat gives editions in 5 and 6.	zspbk0013543	1	1	
nbk0018423	"Esprit de Marivaux, ou Analectes de ses ouvrages, précédés de la Vie historique de l'auteur"	"Lesbros de la Versane, Louis (Primary)"				in-8		0	Pseudo	The title updated after Gallica.	zspbk0013814	nbk0018422	"Esprit de Marivaux, ou Analectes de ses ouvrages, précédés de la Vie historique de l'auteur"	"Lesbros de la Versane, Louis (Primary)"				in-8		0	Pseudo	The title updated after Gallica.	zspbk0013814	1	1	
nbk0018530	Nouveau Testament de notre seigneur Jesus Christ traduit selon la vulgate	"[Bible] (Primary); Aulnoy, Marie Catherine Le Jumel de Barneville d' (Translator)"				unknown		0	Pseudo	Edition not located.	spbk0010343	nbk0018529	Nouveau Testament de notre seigneur Jesus Christ traduit selon la vulgate	"[Bible] (Primary); Aulnoy, Marie Catherine Le Jumel de Barneville d' (Translator)"				unknown		0	Pseudo	Edition not located.	spbk0010343	1	1	
nbk0018665	Quinzaine de Pasque					in-18		1	Pseudo	Superbook and edition not identified. All information after source data.	zspbk0014005	nbk0018664	Quinzaine de Pasque					in-18		1	Pseudo	Superbook and edition not identified. All information after source data.	zspbk0014005	1	1	
nbk0018711	Diurnal		Paris			in-8		0	Pseudo	Superbook and edition not identified. All information after source data.	zspbk0012205	nbk0018684	Diurnal		Paris			in-8		0	Pseudo	Superbook and edition not identified. All information after source data.	zspbk0012205	1	1	
nbk0019007	Celse [unidentified title]	Celse (Primary); Crose (Translator)				unknown		0	Pseudo	Edition not identified. The superbook was not identified.	zspbk0014309	nbk0019006	Celse [unidentified title]	Celse (Primary)				unknown		0	Pseudo	Edition not identified. The superbook was not identified.	zspbk0014309	1	1	
nbk0019340	De sedibus et causis morborum	"Morgagni, Giambattista (Primary); Tissot, Samuel Auguste André David (Secondary)"				unknown		0	Pseudo	"The title and author updated after Worldcat [OCLC  	903384249]."	zspbk0014491	nbk0019205	De sedibus et causis morborum	"Morgagni, Giambattista (Primary)"				unknown		0	Pseudo	"The title and author updated after Worldcat [OCLC  	903384249]."	zspbk0014491	1	1	
nbk0017471	Memoires de Guettard	"Guettard, Jean-Etienne (Primary)"				in-4		3	Pseudo	Superbook and edition not identified. The number of volumes updated for purposes of calculations.	zspbk0011684	nbk0014730	Memoires de Guittard					in-4		3	Pseudo	Superbook and edition not identified. All information after source data.	zspbk0011684	0.95	0.975035612	
nbk0018008	Nouveau Testament	[Bible] (Primary); Hardouin (Frère) (Secondary)				unknown		0	Pseudo	Edition not identified.	spbk0010343	nbk0012507	Nouveau testament	[Bible] (Primary)				unknown		0	Pseudo	Pirate edition. Edition details as in source data.  Source data only gives short title.	spbk0010343	0.941176471	0.969762276	
nbk0017933	Métamorphoses d'Ovide	"Ovide (Primary); Dubois-Fontanelle, Jean Gaspard (Translator)"				unknown		0	Pseudo	All information after source data.	spbk0003735	nbk0016184	Metamorphose d'Ovide	"Ovide (Primary); Duryer, Pierre (Translator)"				unknown		0	Pseudo	Edition not located. The language updated after Worldcat [OCLC 562300202].	spbk0003735	0.904761905	0.949288905	
nbk0016621	Imitation de Jesus-Christ	Thomas à Kempis (Primary); Beuil (Translator)				unknown		0	Pseudo	"The title updated after Worldcat [OCLC 464753788. Worldcat says 'Approbations (Paris, 1er fe?vrier 1662 ; 8 mars 1662). Privile?ge ge?ne?ral date? 16 janvier 1745 octroye? a? Guillaume Desprez fils (i.e. Guillaume-Nicolas Desprez)'. Edition not located, several published."	spbk0001230	nbk0012496	L'Imitation de Jesus Christ	Thomas à Kempis (Primary)				unknown		0	Pseudo	Pirate edition. Edition details as in source data.  Source data only gives short title.	spbk0001230	0.888888889	0.96173268	
nbk0014205	Annee 1750 de l'academie					unknown		0	Pseudo	Superbook and edition not identified. All information after source data.	zspbk0011326	nbk0014204	Annees 1749 de l'academie					unknown		0	Pseudo	Superbook and edition not identified. All information after source data.	zspbk0011326	0.88	0.955789639	
nbk0018502	Antiphonaire					unknown		6	Pseudo	Superbook and edition not identified. All information after source data.	zspbk0012201	nbk0015685	Antiphonier					unknown		6	Probable	Superbook and edition not identified. All information after source data.	zspbk0012201	0.833333333	0.968245837	
nbk0018538	De l'Imitation de Jesus-Christ	"Thomas à Kempis (Primary); Macé, François (Translator)"				unknown		0	Pseudo	"Edition not located. Several produced,"	spbk0001230	nbk0016621	Imitation de Jesus-Christ	Thomas à Kempis (Primary); Beuil (Translator)				unknown		0	Pseudo	"The title updated after Worldcat [OCLC 464753788. Worldcat says 'Approbations (Paris, 1er fe?vrier 1662 ; 8 mars 1662). Privile?ge ge?ne?ral date? 16 janvier 1745 octroye? a? Guillaume Desprez fils (i.e. Guillaume-Nicolas Desprez)'. Edition not located, several published."	spbk0001230	0.833333333	0.960385561	
nbk0018476	De l'Imitation de Jesus-Christ	"Thomas à Kempis (Primary); Macé, François (Translator)"				in-24		0	Pseudo	Edition not located.	spbk0001230	nbk0017674	Imitation de Jesus-Christ	Thomas à Kempis (Primary); Beuil (Translator)				in-24		0	Pseudo	"The title updated after Worldcat [OCLC 464753788. Worldcat says 'Approbations (Paris, 1er fe?vrier 1662 ; 8 mars 1662). Privile?ge ge?ne?ral date? 16 janvier 1745 octroye? a? Guillaume Desprez fils (i.e. Guillaume-Nicolas Desprez)'. Edition not located, several published."	spbk0001230	0.833333333	0.960385561	
nbk0018538	De l'Imitation de Jesus-Christ	"Thomas à Kempis (Primary); Macé, François (Translator)"				unknown		0	Pseudo	"Edition not located. Several produced,"	spbk0001230	nbk0012496	L'Imitation de Jesus Christ	Thomas à Kempis (Primary)				unknown		0	Pseudo	Pirate edition. Edition details as in source data.  Source data only gives short title.	spbk0001230	0.833333333	0.957591318	
nbk0018685	Supplément au Diurnal					in-8		0	Pseudo	Superbook and edition not identified. All information after source data.	zspbk0012205	nbk0015591	Supplement pour Diurnal					in-8		0	Pseudo	Superbook and edition not identified. All information after source data.	zspbk0012205	0.826086957	0.931271855	
nbk0018820	Enumeratio Stirpium plerarumque quae sponte crescimt in Agro Vindobonensi	"Jacquin, Nikolaus Joseph van (Primary)"	Vienne	1763	Kraus	in-8		1	Probable	Information after Worldcat [OCLC 79432478].	zspbk0014148	nbk0018819	Enumeratio Stirpium plerarumque quae sponte crescimt in Agro Vindobonensi		Vienne	1763	Kraus	in-8		1	Probable	Information after Worldcat [OCLC 79432478].	zspbk0014148	1	1	
nbk0014585	"Mentor (le) moderne, ou instructions pour les garçons et pour ceux qui les élevent"	"Le Prince de Beaumont, Marie (Primary)"	Paris	1773		in-12	Claude Herissant	12	Certain	"The full title updated after Worldcat [OCLC 491531558]. Worldcat says also 'A Paris, du fonds de Claude He?rissant, chez Nyon l'ai?ne?, 1776' [OCLC 6112706]."	spbk0001572	nbk0012858	"Mentor (le) moderne, ou instructions pour les garçons"	"Le Prince de Beaumont, Marie (Primary)"	Paris	1773		in-12		12	Certain	Pirate edition. Edition details as in source data.  May be a false imprint.  Claims to be published ‘avec approbation et privilege du roy’. Source data gives publication details as ‘à Paris et se vend à Liège chés Bassompierre à Bruxelles chés van Den Berghen’.	spbk0001572	1	1	
nbk0013879	"Nouvel (le) ange conducteur ou recueil de prieres les plus propres à inspirer de la devotion dediée aux personnes de pieté, nouvelle edition revûe et considerablement augmentée sur l'imprimé"	"Coret, Jacques (Primary)"	Paris	1773		in-18		1	Probable	Pirate edition. Edition details as in source data.  May be a false imprint.  Claims to be published ‘avec approbation et permission'. Source data says this is ‘se vend à Besançon chez veuve Tissot et fils libraires’.	spbk0004314	nbk0013864	"Nouvel (le) ange conducteur ou recueil de prieres les plus propres à inspirer de la dévotion, dedié aux personnes de pieté, nouvelle edition revûe et considerablement augmentée sur l’imprimée"	"Coret, Jacques (Primary)"	Paris	1773		in-18		1	Probable	Pirate edition. Edition details as in source data.  May be a false imprint.  Claims to be published ‘avec approbation et permission'.Source data says this is ‘se vend à Besancon chez de St Agathe Libraire’.  Source data says this was published ‘sans date’ but St Agathe said that it was published in 1773.	spbk0004314	1	1	
nbk0013996	Nouvel (le) ange conducteur ou recueil de prieres les plus propres à Inspirer de la dévotion dediée aux personnes de pieté nouvelle edition revue et considérablement augmentée sur l’imprimée	"Coret, Jacques (Primary)"	Paris	1773		in-18		1	Probable	Pirate edition. Edition details as in source data.  May be a false imprint.  Claims to be published ‘avec approbation et permission'.  Source data says this is ‘se vend à Besançon chez Cl. Jos. Daclin imprimeur du Roy’.	spbk0004314	nbk0013864	"Nouvel (le) ange conducteur ou recueil de prieres les plus propres à inspirer de la dévotion, dedié aux personnes de pieté, nouvelle edition revûe et considerablement augmentée sur l’imprimée"	"Coret, Jacques (Primary)"	Paris	1773		in-18		1	Probable	Pirate edition. Edition details as in source data.  May be a false imprint.  Claims to be published ‘avec approbation et permission'.Source data says this is ‘se vend à Besancon chez de St Agathe Libraire’.  Source data says this was published ‘sans date’ but St Agathe said that it was published in 1773.	spbk0004314	1	1	
nbk0013996	Nouvel (le) ange conducteur ou recueil de prieres les plus propres à Inspirer de la dévotion dediée aux personnes de pieté nouvelle edition revue et considérablement augmentée sur l’imprimée	"Coret, Jacques (Primary)"	Paris	1773		in-18		1	Probable	Pirate edition. Edition details as in source data.  May be a false imprint.  Claims to be published ‘avec approbation et permission'.  Source data says this is ‘se vend à Besançon chez Cl. Jos. Daclin imprimeur du Roy’.	spbk0004314	nbk0013879	"Nouvel (le) ange conducteur ou recueil de prieres les plus propres à inspirer de la devotion dediée aux personnes de pieté, nouvelle edition revûe et considerablement augmentée sur l'imprimé"	"Coret, Jacques (Primary)"	Paris	1773		in-18		1	Probable	Pirate edition. Edition details as in source data.  May be a false imprint.  Claims to be published ‘avec approbation et permission'. Source data says this is ‘se vend à Besançon chez veuve Tissot et fils libraires’.	spbk0004314	1	1	
nbk0017110	"Voyage à l'isle de France, à l'isle de Bourbon, au cap de Bonne-Espérance, &c. Avec des observations nouvelles sur la nature & sur les hommes, par un officier du roi"	"Bernardin de Saint-Pierre, Henri (Primary)"	Amsterdam; Paris	1773	Joseph Merlin	unknown		2	Probable	"The title, author, place, publisher, year, number of volumes updated afte Worldcat [OCLC 491667938].
Exists in-8 and in-12.
Worldcat says 'Par Bernardin de Saint-Pierre, d'apre?s Que?rard.
Faux-titre : ""Voyage a? l'Isle de France""
Existe en 2 e?tats : avant cartons ; avec cartons pour les p. 97-98, 107-108 et 115-116 du vol. 2 (modifications de texte).
Sig. vol. 1 : [ ]2, A-V8, X4 (f. T3 signe? T2) ; vol. 2 : [ ]2, A-R8, S4 (f. S4 bl.). Fleurons aux titres. 6 planches grave?es sur cuivre dont 3 de?pl. (pl. 2, 3 et 6) : pl. 1 (frontispice) dessine?e par Moreau le jeune, grave?e par Masquelier ; pl. 2, 3 et 6 grave?es par ""Colas"" ; pl. 4 dessine?e par Moreau le jeune (1772), grave?e par D. Ne?e ; pl. 5 dessine?e par Moreau le jeune, grave?e par A.-J. Duclos (1773). Au vol. 1, tableaux sur 8 p. de pl. de?pl. Au vol. 2 : ""Table des lettres et sommaire des matie?res"" des 2 parties (p. 239-276), ""Sujet des planches"" (p. 277-278).'"	spbk0002493	nbk0017109	"Voyage à l'isle de France, à l'isle de Bourbon, au cap de Bonne-Espérance, &c. Avec des observations nouvelles sur la nature & sur les hommes, par un officier du roi"	"Bernardin de Saint-Pierre, Henri (Primary)"	Amsterdam; Paris	1773	Joseph Merlin	unknown		2	Probable	"The title, author, place, publisher, year, number of volumes updated afte Worldcat [OCLC 491667938].
Exists in-8 and in-12.
Worldcat says 'Par Bernardin de Saint-Pierre, d'apre?s Que?rard.
Faux-titre : ""Voyage a? l'Isle de France""
Existe en 2 e?tats : avant cartons ; avec cartons pour les p. 97-98, 107-108 et 115-116 du vol. 2 (modifications de texte).
Sig. vol. 1 : [ ]2, A-V8, X4 (f. T3 signe? T2) ; vol. 2 : [ ]2, A-R8, S4 (f. S4 bl.). Fleurons aux titres. 6 planches grave?es sur cuivre dont 3 de?pl. (pl. 2, 3 et 6) : pl. 1 (frontispice) dessine?e par Moreau le jeune, grave?e par Masquelier ; pl. 2, 3 et 6 grave?es par ""Colas"" ; pl. 4 dessine?e par Moreau le jeune (1772), grave?e par D. Ne?e ; pl. 5 dessine?e par Moreau le jeune, grave?e par A.-J. Duclos (1773). Au vol. 1, tableaux sur 8 p. de pl. de?pl. Au vol. 2 : ""Table des lettres et sommaire des matie?res"" des 2 parties (p. 239-276), ""Sujet des planches"" (p. 277-278).'"	spbk0002493	1	1	
nbk0011888	"Dictionnaire de la fable, pour l'intelligence des Poetes, des tableaux et des statues, dont les sujets sont tirés de l'histoire poétique.  Onzième edition, par M. Chompré Licencié en droit"	"Chompré, Pierre (Primary)"	Paris	1774	Desaint	in-12		1	Certain	Pirate edition. Edition details as in source data.  May be a false imprint.  Claims to be published ‘avec approbation et privilege’.	spbk0000527	nbk0011830	"Dictionnaire de la fable, pour l'intelligence des tableaux et des statues dont les sujets font tirés de l'histoire poétique: cinquième edition par M. Chompré Licencié en droit"	"Chompré, Pierre (Primary)"	Paris	1774	Desaint	in-12		1	Certain	Pirate edition. Edition details as in source data.  May be a false imprint.  Claims to be published ‘avec approbation et privilege’.	spbk0000527	1	1	
nbk0011976	"Sermons de Massillon, Eveque de Clermont, ci-devant pretre de l'Oratoire l'un des les de l'academie française"	"Massillon, Jean-Baptiste (Primary)"	Paris	1776	la veuve Etienne et fils à la vertu et Jean Herissant à St Paul	in-12		13	Certain	Pirate edition. Edition details as in source data.  May be a false imprint.  Claims to be published ‘avec approbation et privilege du Roy’.  Publisher address: Rue St Jacques (Etienne) and St Paul et St Hilaire (Herissant).	spbk0002199	nbk0011975	"Sermons de Massillon, Eveque de Clermont, ci-devant pretre de l'Oratoire l'un des les de l'academie française"	"Massillon, Jean-Baptiste (Primary)"	Paris	1776	la veuve Etienne et fils à la vertu et Jean Herissant à St Paul	in-12		13	Certain	Pirate edition. Edition details as in source data.  May be a false imprint.  Claims to be published ‘avec approbation et privilege du Roy’.  Publisher address: Rue St Jacques (Etienne) and St Paul et St Hilaire (Herissant).	spbk0002199	1	1	
nbk0013726	"Nouveau commentaire sur l'ordonnance civile du mois d'aout 1667, nouvelle edition augmentée de l'Idée de la Justice civile par M. *** Conseiller au Présidial d'Orleans"	"Jousse, Daniel (Primary)"	Paris	1777	Debure père	in-12	"XXXIX, [1], 148, [4], 344 p"	2	Certain	Pirate edition. Edition details as in source data.  May be a false imprint.  Claims to be published ‘avec approbation et privilege du roi’.  Publisher address: Quai des augustins à l’image S. Paul.  Page nos. updated after Worldcat (OCLC 492578156).	zspbk0010778	nbk0013725	"Nouveau commentaire sur l'ordonnance criminelle du mois d'aout 1670 avec un abrégé de la Justice criminelle par M. *** Conseiller au Presidial d'Orleans, nouvelle edition corrigée et augmentée"	"Jousse, Daniel (Primary)"	Paris	1777	Debure père	in-12	lx-705 p.	2	Certain	Pirate edition. Edition details as in source data.  May be a false imprint.  Claims to be published ‘avec approbation et privilege du roi’.  Publisher address: Quai des augustins à l’image S. Paul. Page nos. updated after Worldcat (OCLC 904567995).	zspbk0010778	0.82	0.978623618	
bk0010304	"La Sainte Bible en latin et en françois, avec des notes litterales: critiques et historiques, des préfaces et des dissertations, tire?es du Commentaire de Dom Augustin Calmet... de M. l'abbe? de Vence et des auteurs les plus ce?le?bres pour faciliter l'intelligence de l'Ecriture Sainte"	"[Bible] (Primary); Calmet, dom Augustin (Secondary); Vence, Henri François de (Secondary); Rondet Laurent Etienne (Editor); Carrières, Louis de (Translator)"	Toulouse	1779	Sens	in-8	[?]	17	Probable	"Edition not confirmed.  Worldcat lists one edition published in 1779 by Sens in Toulouse, but permissions simples register has two such editions, so could be either. Google books has one of the editions, but it does not include  permission simple.  It does have a 1773 'approbation du censeur'. In permission simple register source data 'April' has been struck out; Price is given as 1020#.  Superbook title and possible URL have been taken from Worldcat and Dawson (after OCLC). URL has been attributed to both possible editions. Described on titlepage as 'Troisieme edition revue, corrige?e & augmente?e de diverses Notes & dissertations nouvelles'. Publisher address 'vis-à-vis l'Église Saint Rome'."	spbk0010569	bk0010303	"La Sainte Bible en latin et en françois, avec des notes litterales: critiques et historiques, des préfaces et des dissertations, tire?es du Commentaire de Dom Augustin Calmet... de M. l'abbe? de Vence et des auteurs les plus ce?le?bres pour faciliter l'intelligence de l'Ecriture Sainte"	"[Bible] (Primary); Calmet, dom Augustin (Secondary); Vence, Henri François de (Secondary); Rondet Laurent Etienne (Editor); Carrières, Louis de (Translator)"	Toulouse	1779	Sens	in-8	[?]	17	Probable	"Edition not confirmed.  Worldcat lists one edition published in 1779 by Sens in Toulouse, but permissions simples register has two such editions, so could be either. Google books has one of the editions, but it does not include  permission simple.  It does have a 1773 'approbation du censeur'. In permission simple register source data 'April' has been struck out; Price is given as 1020#.  Superbook title and possible URL have been taken from Worldcat and Dawson (after OCLC). URL has been attributed to both possible editions. Described on titlepage as 'Troisieme edition revue, corrige?e & augmente?e de diverses Notes & dissertations nouvelles'. Publisher address 'vis-à-vis l'Église Saint Rome'."	spbk0010569	1	1	
bk0010502	Ange (l') conducteur dans la dévotion chrétienne	"Coret, Jacques (Primary)"	Bruyères	1779	veuve Vivot	in-18		1	Unverified licenced edition	"Edition not located.  Superbook title after Dawson and 1781 Lille edition.  Dawson says that Coret wrote several variations on this title but that the layout of the permit register suggests that these entries are for the same work.  In fact, the precise content of editions of the 'Ange conducteur' [and variant titles] evolved considerably over time and between editions: for practical purposes all variants have been treated as part of the same superbook [work] as clearly they belong to the same intellectual project. Source data says ''de caractères différens' apparently in relation to the fact that permits for 2000 copies of two separate 1 vol. in-18 editions were granted to veuve Vivot together, on an unknown date in 1779 [as also apparently happened on a separate occasion on 5 September of the same year]."	spbk0004314	bk0010501	Ange (l') conducteur dans la dévotion chrétienne	"Coret, Jacques (Primary)"	Bruyères	1779	veuve Vivot	in-18		1	Unverified licenced edition	"Edition not located.  Superbook title after Dawson and 1781 Lille edition.  Dawson says that Coret wrote several variations on this title but that the layout of the permit register suggests that these entries are for the same work.  In fact, the precise content of editions of the 'Ange conducteur' [and variant titles] evolved considerably over time and between editions: for practical purposes all variants have been treated as part of the same superbook [work] as clearly they belong to the same intellectual project. Permit date in permission simple register possibly reads 'possibly 1779 September 9.'"	spbk0004314	1	1	
bk0010503	Ange (l') conducteur dans la dévotion chrétienne	"Coret, Jacques (Primary)"	Bruyères	1779	veuve Vivot	in-18		1	Unverified licenced edition	"Edition not located.  Superbook title after Dawson and 1781 Lille edition.  Dawson says that Coret wrote several variations on this title but that the layout of the permit register suggests that these entries are for the same work.  In fact, the precise content of editions of the 'Ange conducteur' [and variant titles] evolved considerably over time and between editions: for practical purposes all variants have been treated as part of the same superbook [work] as clearly they belong to the same intellectual project. Source data says ''de caractères différens' apparently in relation to the fact that permits for 2000 copies of two separate 1 vol. in-18 editions were granted to veuve Vivot together, on an unknown date in 1779 [as also apparently happened on a separate occasion on 5 September of the same year]."	spbk0004314	bk0010501	Ange (l') conducteur dans la dévotion chrétienne	"Coret, Jacques (Primary)"	Bruyères	1779	veuve Vivot	in-18		1	Unverified licenced edition	"Edition not located.  Superbook title after Dawson and 1781 Lille edition.  Dawson says that Coret wrote several variations on this title but that the layout of the permit register suggests that these entries are for the same work.  In fact, the precise content of editions of the 'Ange conducteur' [and variant titles] evolved considerably over time and between editions: for practical purposes all variants have been treated as part of the same superbook [work] as clearly they belong to the same intellectual project. Permit date in permission simple register possibly reads 'possibly 1779 September 9.'"	spbk0004314	1	1	
bk0010504	Ange (l') conducteur dans la dévotion chrétienne	"Coret, Jacques (Primary)"	Bruyères	1779	veuve Vivot	in-18		1	Unverified licenced edition	"Edition not located.  Superbook title after Dawson and 1781 Lille edition.  Dawson says that Coret wrote several variations on this title but that the layout of the permit register suggests that these entries are for the same work.  In fact, the precise content of editions of the 'Ange conducteur' [and variant titles] evolved considerably over time and between editions: for practical purposes all variants have been treated as part of the same superbook [work] as clearly they belong to the same intellectual project."	spbk0004314	bk0010501	Ange (l') conducteur dans la dévotion chrétienne	"Coret, Jacques (Primary)"	Bruyères	1779	veuve Vivot	in-18		1	Unverified licenced edition	"Edition not located.  Superbook title after Dawson and 1781 Lille edition.  Dawson says that Coret wrote several variations on this title but that the layout of the permit register suggests that these entries are for the same work.  In fact, the precise content of editions of the 'Ange conducteur' [and variant titles] evolved considerably over time and between editions: for practical purposes all variants have been treated as part of the same superbook [work] as clearly they belong to the same intellectual project. Permit date in permission simple register possibly reads 'possibly 1779 September 9.'"	spbk0004314	1	1	
bk0010503	Ange (l') conducteur dans la dévotion chrétienne	"Coret, Jacques (Primary)"	Bruyères	1779	veuve Vivot	in-18		1	Unverified licenced edition	"Edition not located.  Superbook title after Dawson and 1781 Lille edition.  Dawson says that Coret wrote several variations on this title but that the layout of the permit register suggests that these entries are for the same work.  In fact, the precise content of editions of the 'Ange conducteur' [and variant titles] evolved considerably over time and between editions: for practical purposes all variants have been treated as part of the same superbook [work] as clearly they belong to the same intellectual project. Source data says ''de caractères différens' apparently in relation to the fact that permits for 2000 copies of two separate 1 vol. in-18 editions were granted to veuve Vivot together, on an unknown date in 1779 [as also apparently happened on a separate occasion on 5 September of the same year]."	spbk0004314	bk0010502	Ange (l') conducteur dans la dévotion chrétienne	"Coret, Jacques (Primary)"	Bruyères	1779	veuve Vivot	in-18		1	Unverified licenced edition	"Edition not located.  Superbook title after Dawson and 1781 Lille edition.  Dawson says that Coret wrote several variations on this title but that the layout of the permit register suggests that these entries are for the same work.  In fact, the precise content of editions of the 'Ange conducteur' [and variant titles] evolved considerably over time and between editions: for practical purposes all variants have been treated as part of the same superbook [work] as clearly they belong to the same intellectual project. Source data says ''de caractères différens' apparently in relation to the fact that permits for 2000 copies of two separate 1 vol. in-18 editions were granted to veuve Vivot together, on an unknown date in 1779 [as also apparently happened on a separate occasion on 5 September of the same year]."	spbk0004314	1	1	
bk0010504	Ange (l') conducteur dans la dévotion chrétienne	"Coret, Jacques (Primary)"	Bruyères	1779	veuve Vivot	in-18		1	Unverified licenced edition	"Edition not located.  Superbook title after Dawson and 1781 Lille edition.  Dawson says that Coret wrote several variations on this title but that the layout of the permit register suggests that these entries are for the same work.  In fact, the precise content of editions of the 'Ange conducteur' [and variant titles] evolved considerably over time and between editions: for practical purposes all variants have been treated as part of the same superbook [work] as clearly they belong to the same intellectual project."	spbk0004314	bk0010502	Ange (l') conducteur dans la dévotion chrétienne	"Coret, Jacques (Primary)"	Bruyères	1779	veuve Vivot	in-18		1	Unverified licenced edition	"Edition not located.  Superbook title after Dawson and 1781 Lille edition.  Dawson says that Coret wrote several variations on this title but that the layout of the permit register suggests that these entries are for the same work.  In fact, the precise content of editions of the 'Ange conducteur' [and variant titles] evolved considerably over time and between editions: for practical purposes all variants have been treated as part of the same superbook [work] as clearly they belong to the same intellectual project. Source data says ''de caractères différens' apparently in relation to the fact that permits for 2000 copies of two separate 1 vol. in-18 editions were granted to veuve Vivot together, on an unknown date in 1779 [as also apparently happened on a separate occasion on 5 September of the same year]."	spbk0004314	1	1	
bk0010504	Ange (l') conducteur dans la dévotion chrétienne	"Coret, Jacques (Primary)"	Bruyères	1779	veuve Vivot	in-18		1	Unverified licenced edition	"Edition not located.  Superbook title after Dawson and 1781 Lille edition.  Dawson says that Coret wrote several variations on this title but that the layout of the permit register suggests that these entries are for the same work.  In fact, the precise content of editions of the 'Ange conducteur' [and variant titles] evolved considerably over time and between editions: for practical purposes all variants have been treated as part of the same superbook [work] as clearly they belong to the same intellectual project."	spbk0004314	bk0010503	Ange (l') conducteur dans la dévotion chrétienne	"Coret, Jacques (Primary)"	Bruyères	1779	veuve Vivot	in-18		1	Unverified licenced edition	"Edition not located.  Superbook title after Dawson and 1781 Lille edition.  Dawson says that Coret wrote several variations on this title but that the layout of the permit register suggests that these entries are for the same work.  In fact, the precise content of editions of the 'Ange conducteur' [and variant titles] evolved considerably over time and between editions: for practical purposes all variants have been treated as part of the same superbook [work] as clearly they belong to the same intellectual project. Source data says ''de caractères différens' apparently in relation to the fact that permits for 2000 copies of two separate 1 vol. in-18 editions were granted to veuve Vivot together, on an unknown date in 1779 [as also apparently happened on a separate occasion on 5 September of the same year]."	spbk0004314	1	1	
bk0011497	Petit paroissien (le)		Saint-Brieuc	1779	Prudhomme	in-24		1	Unverified licenced edition	Edition not identified.	spbk0010412	bk0011496	Petit paroissien (le)		Saint-Brieuc	1779	Prudhomme	in-24		1	Unverified licenced edition	Edition not identified.	spbk0010412	1	1	
bk0011613	Secrets des arts et métiers		Caen	1780	Le Roy	in-12		2	Unverified licenced edition	"Edition not located.  Worldcat lists probable superbook, c18 editions titled, 'Secrets concernant les arts et métiers'."	spbk0010480	bk0011612	Secrets des arts et métiers		Caen	1780	Le Roy	in-12		2	Unverified licenced edition	"Edition not located.  Worldcat lists probable superbook, c18 editions titled, 'Secrets concernant les arts et métiers'."	spbk0010480	1	1	
bk0011556	"Principes de la pénitence, ou Vie des pénitens, principes de la justice chne [chrétienne], ou vie des justes"	"Besoigne, Jérôme (Primary)"	Toulouse	1781	Dupleix	in-12		2	Unverified licenced edition	"Edition not located.  Likely Superbook titled, 'Principes de la pénitence et de la conversion, ou vie des pénitens' after Dawson and Dalles 1781 edition."	spbk0010442	bk0011555	"Principes de la pénitence, ou Vie des pénitens, principes de la justice chne [chrétienne], ou vie des justes"	"Besoigne, Jérôme (Primary)"	Toulouse	1781	Dupleix	in-12		2	Unverified licenced edition	"Edition not located.  Likely Superbook titled, 'Principes de la pénitence et de la conversion, ou vie des pénitens' after Dawson and Dalles 1781 edition."	spbk0010442	1	1	
bk0010080	"Henriade (la) de Voltaire, [avec] les variantes [et] avec les poèmes des bataillies de Fontenoy et de Lauvfled"	Voltaire (Primary)	Rouen	1782	Lallemand [Lallemant]	in-12		1	Unverified licenced edition	Edition not located in Worldcat or by Dawson	spbk0001022	bk0010079	"Henriade (la) de Voltaire, [avec] les variantes [et] avec les poèmes des bataillies de Fontenoy et de Lauvfled"	Voltaire (Primary)	Rouen	1782	Lallemand [Lallemant]	in-12		1	Unverified licenced edition	Edition not located in Worldcat or by Dawson	spbk0001022	1	1	
bk0010479	Journée du chrétien sanctifiée par la prière	"Clément, Denis Xavier (Primary)"	Nancy	1783	Le Seure	in-18		1	Unverified licenced edition	Edition not located in worldcat. Comment in source data: 'Caractères différents'.	spbk0004313	bk0010478	Journée du chrétien sanctifiée par la prière	"Clément, Denis Xavier (Primary)"	Nancy	1783	Le Seure	in-18		1	Unverified licenced edition	Edition not located in worldcat.	spbk0004313	1	1	
bk0010658	Bon paroissien (le)		Toul	1785	Carrez [Carez]	in-12		1	Unverified licenced edition	Edition not identified	spbk0010033	bk0010657	Bon paroissien (le)		Toul	1785	Carrez [Carez]	in-12		1	Unverified licenced edition	Edition not identified	spbk0010033	1	1	
bk0010560	Nouvel ange (le) conducteur	"Coret, Jacques (Primary)"	Bruyères	1786	veuve Vivot	in-12		1	Unverified licenced edition	"Edition not located. A 1786 Veuve Vivot 'Ange conducteur', nouvelle edition, is listed, but is said to be octavo (which could be large duodecimo), but since she produced many editions, and neither title nor format fit, this is assumed to be another edition. NB. The precise content of editions of the 'Ange conducteur' [and variant titles] evolved considerably over time and between editions: for practical purposes all variants have been treated as part of the same superbook [work] as clearly they belong to the same intellectual project."	spbk0004314	bk0010559	Nouvel ange (le) conducteur	"Coret, Jacques (Primary)"	Bruyères	1786	veuve Vivot	in-12		1	Unverified licenced edition	"Edition not located. A 1786 Veuve Vivot 'Ange conducteur', nouvelle edition, is listed, but is said to be octavo (which could be large duodecimo), but since she produced many editions, and neither title nor format fit, this is assumed to be another edition. NB. The precise content of editions of the 'Ange conducteur' [and variant titles] evolved considerably over time and between editions: for practical purposes all variants have been treated as part of the same superbook [work] as clearly they belong to the same intellectual project."	spbk0004314	1	1	
bk0011713	Visite au sainte sacrement et à la sainte vierge	"Liguori, Alfonso Maria de' (Primary)"	Nancy	1786	Bontoux	in-18		1	Unverified licenced edition	Edition not located. Closest match on Worldcat is a 1786 edition but with no publication details.	spbk0010546	bk0011712	Visite au sainte sacrement et à la sainte vierge	"Liguori, Alfonso Maria de' (Primary)"	Nancy	1786	Bontoux	in-18		1	Unverified licenced edition	Edition not located. Closest match on Worldcat is a 1786 edition but with no publication details.	spbk0010546	1	1	
bk0005119	Lettres péruviennes	"Graffigny, Françoise d'Issembourg d'Happoncourt  (Primary); Deodati, G. L. (Translator)"	Lyon	1787	Bruyset frères	in-12	407; 375	1	Certain	"Edition verified against FBTEE-1 (STN) data and Worldcat and Dawson. Source data gives only one volume, but this presumably either a mistake or because the Italian version was in a separate edition and a new translation. Dawson 'French Book Trade' p. 470 reproduces the permission, which gives print run, reconfirming attribution."	spbk0001384	bk0005118	Lettres péruviennes	"Graffigny, Françoise d'Issembourg d'Happoncourt  (Primary)"	Lyon	1787	Bruyset frères	in-12	356	1	Certain	Edition verified against FBTEE-1 (STN) data.	spbk0001384	1	1	
bk0010542	Ange (l') conducteur dans la dévotion chrétienne	"Coret, Jacques (Primary)"	Epinal	1787	Bugeard	in-12		1	Unverified licenced edition	"Edition not located.  Superbook title after Dawson and 1781 Lille edition.  Dawson says that Coret wrote several variations on this title but that the layout of the permit register suggests that these entries are for the same work.  In fact, the precise content of editions of the 'Ange conducteur' [and variant titles] evolved considerably over time and between editions: for practical purposes all variants have been treated as part of the same superbook [work] as clearly they belong to the same intellectual project."	spbk0004314	bk0010541	Ange (l') conducteur dans la dévotion chrétienne	"Coret, Jacques (Primary)"	Epinal	1787	Bugeard	in-12		1	Unverified licenced edition	"Edition not located.  Superbook title after Dawson and 1781 Lille edition.  Dawson says that Coret wrote several variations on this title but that the layout of the permit register suggests that these entries are for the same work.  In fact, the precise content of editions of the 'Ange conducteur' [and variant titles] evolved considerably over time and between editions: for practical purposes all variants have been treated as part of the same superbook [work] as clearly they belong to the same intellectual project."	spbk0004314	1	1	
bk0010546	Ange (l') conducteur dans la dévotion chrétienne	"Coret, Jacques (Primary)"	Stenay	1787	Meurant	in-8		1	Unverified licenced edition	"Edition not located.   A note in the source data for this edition reads 'avec les Vêpres et les hymnes du diocèse de Rheims, mais à condition que ces deux articles ne font point partice du P.G. [privilège général] des usages du diocèse'. This seems to differentiate this edition from a separate in-8 edition granted to the same publisher on the same day. Superbook title after Dawson and 1781 Lille edition.  Dawson says that Coret wrote several variations on this title but that the layout of the permit register suggests that these entries are for the same work.  In fact, the precise content of editions of the 'Ange conducteur' [and variant titles] evolved considerably over time and between editions: for practical purposes all variants have been treated as part of the same superbook [work] as clearly they belong to the same intellectual project."	spbk0004314	bk0010545	Ange (l') conducteur dans la dévotion chrétienne	"Coret, Jacques (Primary)"	Stenay	1787	Meurant	in-8		1	Unverified licenced edition	"Edition not located.  Superbook title after Dawson and 1781 Lille edition.  Dawson says that Coret wrote several variations on this title but that the layout of the permit register suggests that these entries are for the same work.  In fact, the precise content of editions of the 'Ange conducteur' [and variant titles] evolved considerably over time and between editions: for practical purposes all variants have been treated as part of the same superbook [work] as clearly they belong to the same intellectual project."	spbk0004314	1	1	
bk0011679	Transitus animae revertentis ad jugum sanctum Jesu Christi	"Besombes de Saint-Geniès, Pierre Louis (Primary)"	Montauban	1787	Cazaméa	in-12	" [8], 519, [1] p"	1	Probable	"Worldcat lists 1788 edition by this publisher but Dawson suggests this is the earlier edition.  Dawson notes that this is unusual case of a recent work from 1782 being given a permission. Dawson speculates that this 500 copy edition may have been a 'dummy' licence to compensate for the total of 1500 copies Cazamea's printed version of his licence of 20 August 1787 claimed, for the register only authorised 1000 copies."	spbk0010529	bk0011678	Transitus animae revertentis ad jugum sanctum Jesu Christi	"Besombes de Saint-Geniès, Pierre Louis (Primary)"	Montauban	1787	Cazaméa	in-12	" [8], 519, [1] p"	1	Certain	"Edition verified by Worldcat and Dawson, after permit copy. Actual date of publication and URL after Google Books, Worldcat and Dawson permit copy. Google books edition includes permission simple with same date.  Dawson notes that this is unusual case of a recent work from 1782 being given a permission. He also notes discrepancies between no. of copies on register and that printed inside copy (1500) and speculates that Cazamea was forced to apply for licence for further 500 - which is also found in registers, so the two entries of 20 August and 30 September 1787 are probably in fact for one edition of 1500 copies."	spbk0010529	1	1	
bk0010965	"Grammaire latine et françoise, première et seconde partie, par M. de Than [ 'Dethan?' or 'de Thou']"		Caen	1788	Poisson	in-12		1	Unverified licenced edition	Neither work nor edition identified in Worldcat. A note in source data reads: '2e. Et 3e partie'.	spbk0010175	bk0010964	"Grammaire latine et françoise, première et seconde partie, par M. de Than [ 'Dethan?' or 'de Thou']"		Caen	1788	Poisson	in-12		1	Unverified licenced edition	Neither work nor edition identified in Worldcat	spbk0010175	1	1	
